sol,age,pop,o2_frac,food_frac,o2_net,food_net,demand,supply,offline,shorts,shortage_deaths,ice,ice_days,ice_days_min,ice_min,distressed,rested,calm_share,rested_share,fam,homes,ok,ok40,failed_clauses
1,landing,7,0.3017,0.3063,1.0500,0.7550,13.00,14.00,0,0,0,58.27,33.757,33.757,58.27,0,7,0.000,1.000,0,0,0,0,oxygen|food
2,landing,7,0.3469,0.3506,1.0500,0.7550,13.00,14.00,0,0,0,56.55,32.758,32.758,56.55,1,5,0.143,0.714,0,0,0,0,oxygen|food|calm
3,landing,7,0.3885,0.3949,1.0500,0.7550,13.00,14.00,0,0,0,54.82,31.758,31.758,54.82,0,6,0.000,0.857,0,0,0,0,oxygen|food
4,landing,7,0.4338,0.4392,1.0500,0.7550,13.00,14.00,0,0,0,58.98,34.169,31.322,54.07,2,4,0.286,0.571,0,0,0,0,oxygen|food|calm|rested
5,landing,7,0.4754,0.4836,1.0500,0.7550,13.00,14.00,0,0,0,57.26,33.170,33.170,57.26,0,6,0.000,0.857,0,0,0,0,oxygen|food
6,landing,7,0.5225,0.5280,1.0500,0.7550,13.00,28.00,0,0,0,55.53,32.168,32.168,55.53,0,7,0.000,1.000,0,0,1,1,
7,landing,7,0.5678,0.5723,1.0500,0.7550,13.00,28.00,0,0,0,53.80,31.169,31.169,53.80,2,5,0.286,0.714,0,0,0,1,calm
8,landing,7,0.6148,0.6166,1.0500,0.7550,13.00,28.00,0,0,0,55.77,32.309,30.970,53.46,0,6,0.000,0.857,0,0,1,2,
9,landing,7,0.6601,0.6609,1.0500,0.7550,13.00,28.00,0,0,0,54.05,31.310,31.310,54.05,0,7,0.000,1.000,0,0,1,3,
10,landing,7,0.7035,0.7052,1.0500,0.7550,13.00,28.00,0,0,0,52.32,30.310,30.310,52.32,2,3,0.286,0.429,0,0,0,3,calm|rested
11,landing,7,0.7488,0.7496,1.0500,0.7550,13.00,28.00,0,0,0,54.72,31.703,30.036,51.85,1,5,0.143,0.714,0,0,0,3,calm
12,landing,7,0.7923,0.7939,1.0500,0.7550,13.00,28.00,0,0,0,53.00,30.703,30.703,53.00,0,6,0.000,0.857,0,0,1,4,
13,landing,7,0.8339,0.8382,1.0500,0.7550,13.00,28.00,0,0,0,54.42,31.527,29.797,51.43,2,3,0.286,0.429,0,0,0,4,calm|rested
14,landing,9,0.8796,0.8813,0.9500,0.6850,14.00,28.00,0,0,0,52.55,23.678,23.678,52.55,0,9,0.000,1.000,2,2,1,5,
15,landing,9,0.9204,0.9215,0.9500,0.6850,14.00,28.00,0,0,0,50.33,22.679,22.679,50.33,0,8,0.000,0.889,2,2,1,6,
16,landing,11,0.9575,0.9584,0.8500,0.6150,14.00,28.00,0,0,0,47.70,17.584,17.584,47.70,0,10,0.000,0.909,4,2,1,7,
17,landing,11,0.9919,0.9945,0.8500,0.6150,14.00,28.00,0,0,0,47.36,17.460,17.235,46.75,1,9,0.091,0.818,4,2,1,8,
18,landing,11,1.0000,1.0000,0.8500,0.6150,16.00,28.00,0,0,0,51.58,19.015,16.882,45.79,0,6,0.000,0.545,4,2,0,8,rested
19,landing,12,1.0000,1.0000,0.8000,0.5800,16.00,28.00,0,0,0,58.89,19.902,18.692,51.38,3,8,0.250,0.667,5,2,0,8,calm|rested
20,landing,12,1.0000,1.0000,0.8000,0.5800,16.00,28.00,0,0,0,59.47,20.096,19.529,57.79,1,10,0.083,0.833,5,2,1,9,
21,landing,12,1.0000,1.0000,0.8000,0.5800,16.00,28.00,0,0,0,61.02,20.621,19.980,59.12,0,10,0.000,0.833,5,2,1,10,
22,landing,13,1.0000,1.0000,0.7500,0.5450,17.00,28.00,0,0,0,62.96,19.641,19.013,59.86,1,10,0.077,0.769,6,2,1,11,
23,landing,13,1.0000,1.0000,0.7500,0.5450,17.00,28.00,0,0,0,59.76,18.642,18.642,59.76,0,11,0.000,0.846,6,2,1,12,
24,landing,14,1.0000,1.0000,0.7000,0.5100,17.00,28.00,0,0,0,67.56,19.570,16.990,58.66,4,9,0.286,0.643,7,2,0,12,calm|rested
25,landing,15,1.0000,1.0000,0.6500,0.4750,17.00,28.00,0,0,0,68.03,18.392,18.392,65.71,1,12,0.067,0.800,8,2,1,13,
26,landing,16,1.0000,1.0000,0.6000,0.4400,17.00,28.00,0,0,0,70.14,17.777,17.713,65.52,1,15,0.062,0.938,9,2,1,14,
27,landing,16,1.0000,1.0000,0.6000,0.4400,17.00,28.00,0,0,0,70.79,17.942,16.917,66.75,2,11,0.125,0.688,9,2,0,14,calm|rested
28,landing,17,1.0000,1.0000,0.5500,0.4050,19.00,28.00,0,0,0,77.18,18.411,16.587,69.53,4,13,0.235,0.765,10,2,0,14,calm
29,landing,17,0.9997,1.0000,0.5500,0.4050,19.00,28.00,0,0,0,72.99,17.412,17.412,72.99,2,15,0.118,0.882,10,2,0,14,calm
30,landing,19,1.0000,1.0000,0.4500,0.3350,20.00,28.00,0,0,0,73.63,15.714,14.789,69.29,2,15,0.105,0.789,12,3,0,14,calm
31,landing,20,1.0000,1.0000,0.4000,0.3000,20.00,28.00,0,0,0,68.69,13.927,13.927,68.69,1,18,0.050,0.900,13,4,1,15,
32,landing,21,0.9989,1.0000,0.3500,0.2650,20.00,28.00,0,0,0,65.60,12.668,12.385,64.13,3,16,0.143,0.762,14,4,0,15,calm
33,landing,22,1.0000,1.0000,0.3000,0.2300,22.00,28.00,0,0,0,73.06,13.468,12.488,64.67,4,15,0.182,0.682,15,4,0,15,calm|rested
34,landing,22,1.0000,1.0000,0.3000,0.2300,22.00,28.00,0,0,0,79.08,14.576,13.129,71.23,3,16,0.136,0.727,15,4,0,15,calm
35,landing,22,0.8234,0.8170,1.7000,1.2300,24.00,28.00,0,0,0,78.19,14.413,14.205,77.07,1,18,0.045,0.818,15,4,1,16,
36,landing,22,0.8833,0.8731,1.7000,1.2300,24.00,28.00,0,0,0,78.18,14.410,13.600,73.78,0,20,0.000,0.909,15,4,1,17,
37,landing,22,0.9390,0.9294,1.7000,1.2300,24.00,28.00,0,0,0,72.74,13.409,13.409,72.74,1,18,0.045,0.818,15,4,1,18,
38,landing,22,0.9889,0.9855,1.7000,1.2300,24.00,28.00,0,0,0,82.47,15.201,13.407,72.73,3,17,0.136,0.773,15,4,0,18,calm
39,landing,22,1.0000,1.0000,1.7000,1.2300,26.00,28.00,0,0,0,81.94,15.103,14.690,79.70,3,17,0.136,0.773,15,4,0,18,calm
40,landing,22,1.0000,1.0000,1.7000,1.2300,26.00,28.00,0,0,0,76.51,14.103,14.103,76.51,1,17,0.045,0.773,15,4,1,19,
41,landing,22,1.0000,1.0000,1.7000,1.2300,26.00,28.00,0,0,0,80.90,14.911,13.824,74.99,0,20,0.000,0.909,15,4,1,20,
42,landing,22,0.9994,1.0000,1.7000,1.2300,26.00,28.00,0,0,0,75.46,13.910,13.910,75.46,0,19,0.000,0.864,15,4,1,21,
43,landing,22,0.9995,1.0000,1.7000,1.2300,26.00,28.00,0,0,0,70.04,12.910,12.910,70.04,2,20,0.091,0.909,15,4,1,22,
44,landing,22,0.9986,1.0000,1.7000,1.2300,24.00,42.00,0,0,0,73.01,13.458,12.870,69.82,2,19,0.091,0.864,15,4,1,23,
45,landing,22,1.0000,1.0000,1.7000,1.2300,24.00,42.00,0,0,0,78.80,14.525,12.868,69.81,2,14,0.091,0.636,15,4,0,23,rested
46,landing,22,1.0000,1.0000,1.7000,1.2300,24.00,42.00,0,0,0,94.63,17.444,14.452,78.40,1,17,0.045,0.773,15,4,1,23,
47,landing,22,1.0000,1.0000,1.7000,1.2300,24.00,42.00,0,0,0,101.66,18.738,17.419,94.50,1,19,0.045,0.864,15,4,1,24,
48,landing,22,1.0000,1.0000,1.7000,1.2300,26.00,42.00,0,0,0,101.40,18.691,18.010,97.71,5,13,0.227,0.591,15,4,0,23,calm|rested
49,landing,22,1.0000,1.0000,1.7000,1.2300,26.00,42.00,0,0,0,100.44,18.515,18.515,100.44,3,18,0.136,0.818,15,4,0,22,calm
50,landing,23,1.0000,1.0000,1.6500,1.1950,27.00,42.00,0,0,0,94.81,16.716,16.716,94.81,1,18,0.043,0.783,16,4,1,23,
51,landing,25,1.0000,1.0000,1.5500,1.1250,27.00,42.00,0,0,0,95.74,15.530,15.530,93.52,1,21,0.040,0.840,18,5,1,24,
52,landing,25,1.0000,1.0000,1.5500,1.1250,27.00,42.00,0,0,0,98.92,16.045,15.246,93.99,4,19,0.160,0.760,18,5,0,23,calm
53,landing,26,1.0000,1.0000,1.5000,1.0900,27.00,42.00,0,0,0,109.41,17.064,14.987,96.09,2,23,0.077,0.885,19,5,1,24,
54,landing,27,1.0000,1.0000,1.4500,1.0550,29.00,42.00,0,0,0,114.21,17.153,17.029,109.18,3,21,0.111,0.778,20,5,0,23,calm
55,landing,27,1.0000,1.0000,1.4500,1.0550,29.00,42.00,0,0,0,114.56,17.206,16.520,109.99,0,27,0.000,1.000,20,5,1,23,
56,landing,27,1.0000,1.0000,1.4500,1.0550,29.00,42.00,0,0,0,114.84,17.248,17.110,113.92,1,23,0.037,0.852,20,5,1,23,
57,landing,27,1.0000,1.0000,1.4500,1.0550,29.00,42.00,0,0,0,108.17,16.246,16.246,108.17,2,20,0.074,0.741,20,5,1,23,
58,landing,27,1.0000,1.0000,1.4500,1.0550,29.00,42.00,0,0,0,105.31,15.816,15.816,105.31,2,22,0.074,0.815,20,5,1,24,
59,landing,27,1.0000,1.0000,1.4500,1.0550,29.00,42.00,0,0,0,104.51,15.697,15.455,102.90,3,21,0.111,0.778,20,5,0,24,calm
60,landing,27,1.0000,1.0000,1.4500,1.0550,30.00,42.00,0,0,0,97.85,14.697,14.697,97.85,1,23,0.037,0.852,20,5,1,24,
61,landing,28,1.0000,1.0000,1.4000,1.0200,30.00,42.00,0,0,0,91.00,13.179,13.179,91.00,0,28,0.000,1.000,21,5,1,24,
62,landing,30,1.0000,1.0000,1.3000,0.9500,32.00,42.00,0,0,0,91.66,12.389,12.308,88.02,4,24,0.133,0.800,23,6,0,23,calm
63,landing,31,1.0000,1.0000,1.2500,0.9150,32.00,42.00,0,0,0,105.65,13.820,12.160,89.96,1,24,0.032,0.774,24,6,1,23,
64,landing,32,1.0000,1.0000,1.2000,0.8800,32.00,42.00,0,0,0,104.61,13.257,13.257,104.61,1,30,0.031,0.938,25,6,1,24,
65,landing,32,1.0000,1.0000,1.2000,0.8800,32.00,42.00,0,0,0,96.72,12.257,12.257,96.72,3,24,0.094,0.750,25,6,1,24,
66,landing,32,1.0000,1.0000,1.2000,0.8800,33.00,42.00,0,0,0,98.39,12.468,11.997,94.67,3,25,0.094,0.781,25,6,1,24,
67,landing,35,1.0000,1.0000,1.0500,0.7750,33.00,42.00,0,0,0,95.08,11.016,10.697,92.32,3,29,0.086,0.829,28,6,1,25,
68,landing,37,0.9991,1.0000,0.9500,0.7050,33.00,42.00,0,0,0,86.26,9.454,9.454,86.26,1,34,0.027,0.919,30,6,1,26,
69,landing,37,1.0000,1.0000,0.9500,0.7050,33.00,42.00,0,0,0,90.02,9.866,8.809,80.38,2,32,0.054,0.865,30,6,1,27,
70,landing,37,1.0000,1.0000,0.9500,0.7050,35.00,42.00,0,0,0,99.66,10.923,9.623,87.80,4,26,0.108,0.703,30,6,0,27,calm
71,landing,37,1.0000,1.0000,0.9500,0.7050,35.00,42.00,0,0,0,107.83,11.819,10.692,97.56,3,31,0.081,0.838,30,6,1,27,
72,landing,37,1.0000,1.0000,0.9500,0.7050,35.00,42.00,0,0,0,102.89,11.277,11.154,101.77,4,30,0.108,0.811,30,6,0,27,calm
73,landing,39,1.0000,1.0000,0.8500,0.6350,36.00,42.00,0,0,0,93.47,9.719,9.719,93.47,2,32,0.051,0.821,32,7,1,28,
74,landing,40,1.0000,1.0000,0.8000,0.6000,38.00,42.00,0,0,0,89.77,9.101,9.101,89.77,1,37,0.025,0.925,33,7,1,29,
75,landing,43,1.0000,1.0000,0.6500,0.4950,39.00,42.00,0,0,0,84.49,7.968,7.968,84.26,3,36,0.070,0.837,36,8,1,29,
76,landing,45,1.0000,1.0000,0.5500,0.4250,39.00,42.00,0,0,0,73.73,6.644,6.644,73.73,2,41,0.044,0.911,38,8,1,29,
77,landing,46,0.9993,1.0000,0.5000,0.3900,39.00,42.00,0,0,0,70.95,6.254,6.027,68.37,5,41,0.109,0.891,39,8,0,28,calm
78,landing,47,0.9996,1.0000,0.4500,0.3550,39.00,42.00,0,0,0,89.05,7.684,6.086,69.04,4,40,0.085,0.851,40,8,1,29,
79,landing,47,1.0000,1.0000,0.4500,0.3550,39.00,42.00,0,0,0,106.95,9.228,7.609,88.18,3,41,0.064,0.872,40,8,1,30,
80,landing,47,0.9976,1.0000,0.4500,0.3550,41.00,42.00,0,0,0,95.37,8.228,8.228,95.37,1,42,0.021,0.894,40,8,1,30,
81,landing,47,1.0000,1.0000,0.4500,0.3550,39.00,56.00,0,0,0,96.35,8.313,8.206,95.11,4,39,0.085,0.830,40,8,1,30,
82,landing,47,1.0000,1.0000,0.4500,0.3550,39.00,56.00,0,0,0,88.14,7.605,7.605,88.14,1,43,0.021,0.915,40,8,1,30,
83,landing,47,0.9987,1.0000,0.4500,0.3550,39.00,56.00,0,0,0,103.84,8.959,7.457,86.43,2,37,0.043,0.787,40,8,1,30,
84,landing,47,1.0000,1.0000,0.4500,0.3550,41.00,56.00,0,0,0,98.39,8.489,8.369,97.00,6,39,0.128,0.830,40,8,0,29,calm
85,landing,47,1.0000,1.0000,0.4500,0.3550,41.00,56.00,0,0,0,92.99,8.023,7.693,89.16,4,42,0.085,0.894,40,8,1,30,
86,landing,47,1.0000,1.0000,0.4500,0.3550,41.00,56.00,0,0,0,81.40,7.024,7.024,81.40,2,42,0.043,0.894,40,8,1,30,
87,landing,47,1.0000,1.0000,0.4500,0.3550,42.00,56.00,0,0,0,79.22,6.835,6.519,75.55,1,42,0.021,0.894,40,8,1,30,
88,landing,52,0.9950,1.0000,0.2000,0.1800,42.00,56.00,0,0,0,71.54,5.579,5.579,70.27,3,45,0.058,0.865,45,10,1,31,
89,landing,52,0.9878,1.0000,0.2000,0.1800,42.00,56.00,0,0,0,85.14,6.640,5.253,67.36,7,36,0.135,0.692,45,10,0,31,calm|rested
90,landing,52,0.9834,1.0000,0.2000,0.1800,44.00,56.00,0,0,0,98.68,7.695,6.632,85.04,5,44,0.096,0.846,45,10,1,31,
91,landing,52,0.8246,0.8420,1.6000,1.1800,46.00,56.00,0,0,0,96.83,7.551,7.274,93.27,4,45,0.077,0.865,45,10,1,31,
92,landing,52,0.8640,0.8860,1.6000,1.1800,46.00,56.00,0,0,0,99.62,7.769,7.351,94.27,0,47,0.000,0.904,45,10,1,32,
93,landing,52,0.8917,0.9302,1.6000,1.1800,46.00,56.00,0,0,0,118.33,9.228,7.154,91.74,7,33,0.135,0.635,45,10,0,31,calm|rested
94,landing,52,0.9345,0.9743,1.6000,1.1800,48.00,56.00,0,0,0,128.72,10.038,9.192,117.87,6,38,0.115,0.731,45,10,0,31,calm
95,landing,52,0.9797,1.0000,1.6000,1.1800,48.00,56.00,0,0,0,128.99,10.059,10.059,128.99,2,47,0.038,0.904,45,10,1,31,
96,landing,52,1.0000,1.0000,1.6000,1.1800,48.00,56.00,0,0,0,116.17,9.060,9.060,116.17,2,47,0.038,0.904,45,10,1,31,
97,landing,53,1.0000,1.0000,1.5500,1.1450,49.00,56.00,0,0,0,107.30,8.210,8.210,107.30,2,46,0.038,0.868,46,10,1,31,
98,landing,55,1.0000,1.0000,1.4500,1.0750,49.00,56.00,0,0,0,108.27,7.983,7.983,105.31,6,47,0.109,0.855,48,11,0,30,calm
99,landing,56,1.0000,1.0000,1.4000,1.0400,49.00,56.00,0,0,0,100.37,7.268,7.268,100.37,7,43,0.125,0.768,49,11,0,30,calm
100,landing,57,1.0000,1.0000,1.3500,1.0050,51.00,56.00,0,0,0,104.60,7.442,7.080,99.25,7,47,0.123,0.825,50,11,0,29,calm
101,landing,57,1.0000,1.0000,1.3500,1.0050,51.00,56.00,0,0,0,115.67,8.230,7.259,102.03,4,44,0.070,0.772,50,11,1,29,
102,landing,57,1.0000,1.0000,1.3500,1.0050,51.00,56.00,0,0,0,116.93,8.319,8.195,115.19,4,47,0.070,0.825,50,11,1,30,
103,landing,59,1.0000,1.0000,1.2500,0.9350,52.00,56.00,0,0,0,126.62,8.703,7.960,113.84,7,48,0.119,0.814,52,11,0,29,calm
104,landing,61,1.0000,1.0000,1.1500,0.8650,52.00,56.00,0,0,0,123.03,8.179,7.660,115.22,4,51,0.066,0.836,54,11,1,29,
105,landing,62,1.0000,1.0000,1.1000,0.8300,54.00,56.00,0,0,0,131.96,8.631,7.695,117.65,3,51,0.048,0.823,55,12,1,29,
106,landing,62,1.0000,1.0000,1.1000,0.8300,54.00,56.00,0,0,0,140.70,9.203,8.499,129.94,5,53,0.081,0.855,55,12,1,29,
107,landing,62,0.9991,1.0000,1.1000,0.8300,54.00,56.00,0,0,0,136.93,8.956,8.956,136.93,2,55,0.032,0.887,55,12,1,29,
108,landing,62,1.0000,1.0000,1.1000,0.8300,52.00,70.00,0,0,0,136.14,8.905,8.403,128.47,3,55,0.048,0.887,55,12,1,29,
109,landing,62,0.9996,1.0000,1.1000,0.8300,52.00,70.00,0,0,0,150.22,9.825,8.890,135.93,1,55,0.016,0.887,55,12,1,29,
110,landing,62,1.0000,1.0000,1.1000,0.8300,52.00,70.00,0,0,0,154.04,10.075,9.584,146.52,3,52,0.048,0.839,55,12,1,30,
111,landing,62,1.0000,1.0000,1.1000,0.8300,52.00,70.00,0,0,0,149.82,9.799,9.799,149.82,7,47,0.113,0.758,55,12,0,29,calm
112,landing,62,1.0000,1.0000,1.1000,0.8300,54.00,70.00,0,0,0,150.36,9.834,9.397,143.68,7,51,0.113,0.823,55,12,0,29,calm
113,landing,62,1.0000,1.0000,1.1000,0.8300,54.00,70.00,0,0,0,135.07,8.835,8.835,135.07,5,54,0.081,0.871,55,12,1,29,
114,landing,62,1.0000,1.0000,1.1000,0.8300,54.00,70.00,0,0,0,124.79,8.162,8.078,123.51,2,53,0.032,0.855,55,12,1,29,
115,landing,62,1.0000,1.0000,1.1000,0.8300,54.00,70.00,0,0,0,109.51,7.162,7.162,109.51,3,49,0.048,0.790,55,12,1,29,
116,landing,62,0.9988,1.0000,1.1000,0.8300,55.00,70.00,0,0,0,105.19,6.880,6.880,105.19,3,57,0.048,0.919,55,12,1,29,
117,landing,66,1.0000,1.0000,0.9000,0.6900,57.00,70.00,0,0,0,96.38,5.922,5.831,94.90,5,58,0.076,0.879,59,12,1,30,
118,landing,67,1.0000,1.0000,0.8500,0.6550,57.00,70.00,0,0,0,93.21,5.642,5.640,91.80,2,62,0.030,0.925,60,12,1,30,
119,landing,72,0.9989,1.0000,0.6000,0.4800,58.00,70.00,0,0,0,98.33,5.538,4.966,85.73,4,62,0.056,0.861,65,13,1,30,
120,landing,72,0.9963,1.0000,0.6000,0.4800,58.00,70.00,0,0,0,101.39,5.710,5.226,92.79,10,51,0.139,0.708,65,13,0,29,calm
121,landing,72,1.0000,1.0000,0.6000,0.4800,58.00,70.00,0,0,0,114.96,6.475,5.633,100.02,6,63,0.083,0.875,65,13,1,29,
122,landing,72,0.9990,1.0000,0.6000,0.4800,60.00,70.00,0,0,0,101.72,5.729,5.536,98.29,6,61,0.083,0.847,65,13,1,29,
123,landing,72,1.0000,1.0000,0.6000,0.4800,60.00,70.00,0,0,0,109.61,6.173,5.603,99.48,5,61,0.069,0.847,65,13,1,29,
124,landing,72,1.0000,1.0000,0.6000,0.4800,60.00,70.00,0,0,0,103.70,5.841,5.456,96.86,4,63,0.056,0.875,65,13,1,30,
125,landing,72,1.0000,1.0000,0.6000,0.4800,60.00,70.00,0,0,0,85.95,4.841,4.841,85.95,1,68,0.014,0.944,65,13,1,30,
126,landing,72,1.0000,1.0000,0.6000,0.4800,60.00,70.00,0,0,0,73.70,4.151,4.151,73.70,3,66,0.042,0.917,65,13,1,30,
127,landing,72,1.0000,1.0000,0.6000,0.4800,60.00,70.00,0,0,0,65.60,3.695,3.643,64.68,3,64,0.042,0.889,65,13,1,30,
128,landing,73,1.0000,1.0000,0.5500,0.4450,61.00,70.00,0,0,0,82.47,4.581,3.605,64.01,3,63,0.041,0.863,66,13,1,30,
129,landing,77,1.0000,1.0000,0.3500,0.3050,61.00,70.00,0,0,0,65.79,3.465,3.465,65.79,5,66,0.065,0.857,70,13,1,31,
130,landing,77,0.9910,1.0000,0.3500,0.3050,63.00,70.00,0,0,0,58.26,3.068,3.068,58.26,6,60,0.078,0.779,70,13,1,31,
131,landing,77,0.9918,1.0000,0.3500,0.3050,63.00,70.00,0,0,0,79.79,4.202,2.959,56.18,9,64,0.117,0.831,70,13,0,30,calm
132,landing,77,0.9972,1.0000,0.3500,0.3050,63.00,70.00,0,0,0,75.91,3.998,3.774,71.66,1,72,0.013,0.935,70,13,1,30,
133,landing,77,0.9989,1.0000,0.3500,0.3050,63.00,70.00,0,0,0,68.26,3.595,3.595,68.26,3,67,0.039,0.870,70,13,1,31,
134,landing,77,0.8501,0.8473,1.7500,1.3050,65.00,70.00,0,0,0,66.17,3.485,3.087,58.61,2,69,0.026,0.896,70,13,1,32,
135,landing,77,0.8834,0.8886,1.7500,1.3050,65.00,70.00,0,0,0,78.61,4.140,3.464,65.78,5,63,0.065,0.818,70,13,1,32,
136,landing,77,0.9125,0.9299,1.7500,1.3050,67.00,70.00,0,0,0,85.51,4.503,3.878,73.64,9,59,0.117,0.766,70,13,0,31,calm
137,landing,77,0.9506,0.9711,1.7500,1.3050,67.00,70.00,0,0,0,93.42,4.920,4.485,85.16,7,66,0.091,0.857,70,13,1,31,
138,landing,77,0.9918,1.0000,1.7500,1.3050,67.00,70.00,0,0,0,74.44,3.921,3.921,74.44,4,71,0.052,0.922,70,13,1,32,
139,landing,77,1.0000,1.0000,1.7500,1.3050,67.00,70.00,0,0,0,55.46,2.921,2.921,55.46,3,69,0.039,0.896,70,13,1,33,
140,landing,77,1.0000,1.0000,1.7500,1.3050,67.00,70.00,0,0,0,36.44,1.919,1.919,36.44,5,68,0.065,0.883,70,13,0,33,ice
141,landing,77,1.0000,1.0000,1.7500,1.3050,67.00,70.00,0,0,0,25.95,1.367,1.367,25.95,4,69,0.052,0.896,70,13,0,32,ice
142,landing,80,1.0000,1.0000,1.6000,1.2000,68.00,70.00,0,0,0,31.83,1.613,1.330,25.26,1,74,0.013,0.925,73,14,0,31,ice
143,landing,82,1.0000,1.0000,1.5000,1.1300,68.00,70.00,0,0,0,21.00,1.039,1.039,21.00,2,73,0.024,0.890,75,14,0,31,ice
144,landing,82,1.0000,1.0000,1.5000,1.1300,70.00,70.00,0,0,0,35.09,1.735,0.915,18.50,7,70,0.085,0.854,75,14,0,30,ice
145,landing,82,1.0000,1.0000,1.5000,1.1300,70.00,70.00,0,0,0,39.01,1.929,1.242,25.12,5,72,0.061,0.878,75,14,0,29,ice
146,landing,82,1.0000,1.0000,1.5000,1.1300,70.00,70.00,0,0,0,23.89,1.182,1.069,21.62,6,74,0.073,0.902,75,14,0,28,ice
147,landing,82,1.0000,1.0000,1.5000,1.1300,70.00,70.00,0,0,0,12.89,0.637,0.637,12.89,3,73,0.037,0.890,75,14,0,27,ice
148,landing,82,1.0000,1.0000,1.5000,1.1300,70.00,70.00,0,0,0,16.15,0.799,0.078,1.57,4,75,0.049,0.915,75,14,0,26,ice
149,landing,82,1.0000,1.0000,1.5000,1.1300,70.00,70.00,0,0,0,14.69,0.727,0.592,11.97,3,73,0.037,0.890,75,14,0,25,ice
150,landing,82,1.0000,1.0000,1.5000,1.1300,68.00,84.00,0,0,0,5.68,0.281,0.240,4.85,2,76,0.024,0.927,75,14,0,24,ice
151,landing,82,1.0000,1.0000,1.5000,1.1300,68.00,84.00,0,0,0,8.19,0.405,0.000,0.00,5,69,0.061,0.841,75,14,0,24,ice
152,landing,82,1.0000,1.0000,1.5000,1.1300,70.00,84.00,0,0,0,14.09,0.697,0.000,0.00,6,68,0.073,0.829,75,14,0,24,ice
153,landing,82,1.0000,1.0000,1.5000,1.1300,70.00,84.00,0,0,0,29.91,1.479,0.571,11.55,7,73,0.085,0.890,75,14,0,23,ice
154,landing,83,1.0000,1.0000,1.4500,1.0950,71.00,84.00,0,0,0,77.06,3.765,1.447,29.25,3,69,0.036,0.831,76,14,1,23,
155,landing,87,1.0000,1.0000,1.2500,0.9550,71.00,84.00,0,0,0,85.96,4.007,3.597,73.61,4,74,0.046,0.851,80,15,1,23,
156,landing,87,1.0000,1.0000,1.2500,0.9550,71.00,84.00,0,0,0,127.19,5.928,3.917,84.04,2,77,0.023,0.885,80,15,1,23,
157,landing,87,1.0000,1.0000,1.2500,0.9550,71.00,84.00,0,0,0,120.45,5.614,5.614,120.45,5,78,0.057,0.897,80,15,1,23,
158,landing,87,1.0000,1.0000,1.2500,0.9550,73.00,84.00,0,0,0,123.28,5.746,5.168,110.88,5,78,0.057,0.897,80,15,1,23,
159,landing,87,1.0000,1.0000,1.2500,0.9550,73.00,84.00,0,0,0,107.85,5.027,5.027,107.85,0,84,0.000,0.966,80,15,1,23,
160,landing,87,1.0000,1.0000,1.2500,0.9550,73.00,84.00,0,0,0,86.36,4.025,4.025,86.36,2,82,0.023,0.943,80,15,1,24,
161,landing,90,1.0000,1.0000,1.1000,0.8500,74.00,84.00,0,0,0,85.50,3.853,3.493,77.51,0,87,0.000,0.967,83,16,1,24,
162,landing,92,0.9993,1.0000,1.0000,0.7800,74.00,84.00,0,0,0,66.43,2.928,2.897,65.71,5,80,0.054,0.870,85,16,1,24,
163,landing,92,1.0000,1.0000,1.0000,0.7800,74.00,84.00,0,0,0,64.83,2.858,2.725,61.82,9,69,0.098,0.750,85,16,1,24,
164,landing,92,1.0000,1.0000,1.0000,0.7800,74.00,84.00,0,0,0,65.62,2.892,2.817,63.91,10,72,0.109,0.783,85,16,0,23,calm
165,landing,92,1.0000,1.0000,1.0000,0.7800,74.00,84.00,0,0,0,99.46,4.384,2.698,61.20,5,80,0.054,0.870,85,16,1,23,
166,landing,92,1.0000,1.0000,1.0000,0.7800,76.00,84.00,0,0,0,103.35,4.556,4.088,92.75,11,72,0.120,0.783,85,16,0,22,calm
167,landing,92,0.9999,1.0000,1.0000,0.7800,76.00,84.00,0,0,0,115.18,5.077,4.452,101.01,11,77,0.120,0.837,85,16,0,21,calm
168,landing,92,1.0000,1.0000,1.0000,0.7800,76.00,84.00,0,0,0,97.15,4.282,4.282,97.15,6,80,0.065,0.870,85,16,1,21,
169,landing,92,1.0000,1.0000,1.0000,0.7800,76.00,84.00,0,0,0,88.99,3.922,3.905,88.60,7,79,0.076,0.859,85,16,1,21,
170,landing,92,1.0000,1.0000,1.0000,0.7800,77.00,84.00,0,0,0,86.07,3.794,3.485,79.05,6,76,0.065,0.826,85,16,1,21,
171,landing,97,1.0000,1.0000,0.7500,0.6050,77.00,84.00,0,0,0,62.42,2.610,2.610,62.42,5,82,0.052,0.845,90,17,1,22,
172,landing,97,1.0000,1.0000,0.7500,0.6050,77.00,84.00,0,0,0,57.14,2.389,2.389,57.14,14,78,0.144,0.804,90,17,0,21,calm
173,landing,97,1.0000,1.0000,0.7500,0.6050,79.00,84.00,0,0,0,65.66,2.745,2.206,52.77,9,80,0.093,0.825,90,17,1,21,
174,landing,97,0.9996,1.0000,0.7500,0.6050,79.00,84.00,0,0,0,64.76,2.707,2.400,57.41,12,79,0.124,0.814,90,17,0,20,calm
175,landing,97,1.0000,1.0000,0.7500,0.6050,79.00,84.00,0,0,0,80.88,3.381,2.511,60.05,8,87,0.082,0.897,90,17,1,20,
176,landing,97,0.9991,1.0000,0.7500,0.6050,79.00,84.00,0,0,0,61.27,2.561,2.561,61.27,2,89,0.021,0.918,90,17,1,21,
177,landing,97,1.0000,1.0000,0.7500,0.6050,79.00,84.00,0,0,0,46.76,1.955,1.955,46.76,10,80,0.103,0.825,90,17,0,20,ice|calm
178,landing,102,0.9995,1.0000,0.5000,0.4300,80.00,84.00,0,0,0,55.54,2.208,1.917,46.13,6,85,0.059,0.833,95,18,1,20,
179,landing,102,1.0000,1.0000,0.5000,0.4300,80.00,84.00,0,0,0,52.70,2.095,1.827,45.95,6,90,0.059,0.882,95,18,1,20,
180,landing,102,1.0000,1.0000,0.5000,0.4300,82.00,84.00,0,0,0,66.06,2.626,1.921,48.32,10,84,0.098,0.824,95,18,1,21,
181,landing,102,0.9913,1.0000,0.5000,0.4300,82.00,84.00,0,0,0,64.19,2.552,2.474,62.23,9,81,0.088,0.794,95,18,1,22,
182,landing,102,0.9896,1.0000,0.5000,0.4300,80.00,98.00,0,0,0,71.76,2.853,2.540,63.89,12,81,0.118,0.794,95,18,0,22,calm
183,landing,102,0.9939,1.0000,0.5000,0.4300,80.00,98.00,0,0,0,61.24,2.435,2.425,60.99,6,86,0.059,0.843,95,18,1,23,
184,landing,102,0.9882,1.0000,0.5000,0.4300,80.00,98.00,0,0,0,41.00,1.630,1.630,41.00,8,82,0.078,0.804,95,18,0,23,ice
185,landing,102,0.9896,1.0000,0.5000,0.4300,82.00,98.00,0,0,0,52.62,2.092,1.465,36.85,14,80,0.137,0.784,95,18,0,23,calm
186,landing,102,0.9859,1.0000,0.5000,0.4300,82.00,98.00,0,0,0,53.74,2.136,1.893,47.62,3,87,0.029,0.853,95,18,1,24,
187,landing,107,0.9834,1.0000,0.2500,0.2550,83.00,98.00,0,0,0,45.01,1.706,1.706,45.01,2,98,0.019,0.916,100,18,0,24,ice
188,landing,107,0.9786,1.0000,0.2500,0.2550,83.00,98.00,0,0,0,49.06,1.859,1.584,41.80,9,95,0.084,0.888,100,18,0,24,ice
189,landing,107,0.9727,1.0000,0.2500,0.2550,85.00,98.00,0,0,0,49.47,1.875,1.352,35.68,10,89,0.093,0.832,100,18,0,24,ice
190,landing,107,0.9689,1.0000,0.2500,0.2550,85.00,98.00,0,0,0,50.69,1.921,1.476,38.93,4,95,0.037,0.888,100,18,0,24,ice
191,landing,107,0.9661,1.0000,0.2500,0.2550,85.00,98.00,0,0,0,55.06,2.087,1.848,48.77,4,95,0.037,0.888,100,18,1,25,
192,landing,107,0.9662,1.0000,0.2500,0.2550,85.00,98.00,0,0,0,42.92,1.627,1.627,42.92,7,94,0.065,0.879,100,18,0,25,ice
193,landing,107,0.9654,1.0000,0.2500,0.2550,85.00,98.00,0,0,0,43.94,1.665,1.367,36.07,1,102,0.009,0.953,100,18,0,25,ice
194,landing,107,0.9646,1.0000,0.2500,0.2550,85.00,98.00,0,0,0,37.02,1.403,1.403,37.02,6,96,0.056,0.897,100,18,0,24,ice
195,landing,107,0.9667,1.0000,0.2500,0.2550,85.00,98.00,0,0,0,37.13,1.407,1.271,33.55,3,100,0.028,0.935,100,18,0,23,ice
196,landing,107,0.9599,1.0000,0.2500,0.2550,85.00,98.00,0,0,0,15.59,0.591,0.591,15.59,5,91,0.047,0.850,100,18,0,22,ice
197,landing,107,0.9561,1.0000,0.2500,0.2550,85.00,98.00,0,0,0,41.87,1.587,0.562,14.84,6,94,0.056,0.879,100,18,0,21,ice
198,landing,107,0.8395,0.8927,1.6500,1.2550,87.00,98.00,0,0,0,33.87,1.284,1.124,29.64,4,95,0.037,0.888,100,18,0,20,ice
199,landing,107,0.8574,0.9271,1.6500,1.2550,89.00,98.00,0,0,0,62.20,2.357,1.464,38.64,11,86,0.103,0.804,100,18,0,19,calm
200,landing,107,0.8850,0.9615,1.6500,1.2550,89.00,98.00,0,0,0,101.22,3.836,2.349,61.98,9,94,0.084,0.879,100,18,1,19,
201,landing,107,0.9099,0.9959,1.6500,1.2550,89.00,98.00,0,0,0,94.57,3.584,3.506,92.51,5,96,0.047,0.897,100,18,1,19,
202,landing,112,0.9286,1.0000,1.4000,1.0800,90.00,98.00,0,0,0,84.22,3.049,3.049,84.22,2,103,0.018,0.920,105,19,1,19,
203,landing,112,0.9386,1.0000,1.4000,1.0800,92.00,98.00,0,0,0,109.89,3.979,3.035,83.83,2,104,0.018,0.929,105,19,1,19,
204,landing,112,0.9486,1.0000,1.4000,1.0800,92.00,98.00,0,0,0,135.62,4.910,3.841,106.09,5,86,0.045,0.768,105,19,1,20,
205,landing,112,0.9647,1.0000,1.4000,1.0800,92.00,98.00,0,0,0,146.80,5.315,4.736,130.81,2,99,0.018,0.884,105,19,1,20,
206,landing,117,0.9747,1.0000,1.1500,0.9050,95.00,98.00,0,0,0,146.39,5.074,5.074,143.55,4,106,0.034,0.906,110,19,1,21,
207,landing,117,0.9890,1.0000,1.1500,0.9050,95.00,98.00,0,0,0,125.92,4.364,4.364,125.92,4,108,0.034,0.923,110,19,1,22,
208,landing,122,1.0000,1.0000,0.9000,0.7300,98.00,98.00,0,0,0,96.14,3.196,3.196,96.14,0,118,0.000,0.967,115,19,1,22,
209,landing,122,0.9994,1.0000,0.9000,0.7300,98.00,98.00,0,0,0,66.07,2.196,2.196,66.07,1,116,0.008,0.951,115,19,1,22,
210,landing,122,1.0000,1.0000,0.9000,0.7300,98.00,98.00,0,0,0,35.99,1.196,1.196,35.99,3,111,0.025,0.910,115,19,0,21,ice
211,landing,122,1.0000,1.0000,0.9000,0.7300,98.00,98.00,0,0,0,15.37,0.511,0.511,15.37,1,113,0.008,0.926,115,19,0,20,ice
212,landing,121,1.0000,1.0000,0.9500,0.7650,98.00,98.00,0,0,1,0.00,0.000,0.000,0.00,4,106,0.033,0.876,114,19,0,20,no_shortage_death|ice
213,landing,120,1.0000,1.0000,1.0000,0.8000,98.00,98.00,0,0,1,1.96,0.066,0.000,0.00,1,108,0.008,0.900,113,19,0,19,no_shortage_death|ice
214,landing,119,1.0000,1.0000,1.0500,0.8350,98.00,112.00,0,0,1,5.61,0.191,0.000,0.00,0,107,0.000,0.899,110,19,0,19,no_shortage_death|ice
215,landing,120,1.0000,1.0000,1.0000,0.8000,98.00,112.00,0,0,0,0.00,0.000,0.000,0.00,1,113,0.008,0.942,111,19,0,18,ice
216,landing,120,1.0000,1.0000,1.0000,0.8000,98.00,112.00,0,0,0,4.56,0.154,0.000,0.00,0,116,0.000,0.967,111,19,0,17,ice
217,landing,122,0.9999,1.0000,0.9000,0.7300,98.00,112.00,0,0,0,10.31,0.343,0.000,0.00,2,106,0.016,0.869,113,19,0,17,ice
218,landing,122,0.9955,1.0000,0.9000,0.7300,98.00,112.00,0,0,0,24.34,0.809,0.331,9.94,2,109,0.016,0.893,113,19,0,16,ice
219,landing,122,1.0000,1.0000,0.9000,0.7300,98.00,112.00,0,0,0,87.03,2.893,0.670,20.14,5,104,0.041,0.852,113,19,1,16,
220,landing,122,0.9943,1.0000,0.9000,0.7300,98.00,112.00,0,0,0,100.85,3.352,2.834,85.26,6,107,0.049,0.877,113,19,1,16,
221,landing,122,0.9995,1.0000,0.9000,0.7300,98.00,112.00,0,0,0,200.10,6.651,3.340,100.49,7,108,0.057,0.885,113,19,1,16,
222,landing,122,1.0000,1.0000,0.9000,0.7300,98.00,112.00,0,0,0,232.40,7.725,6.495,195.41,2,114,0.016,0.934,113,19,1,17,
223,landing,122,1.0000,1.0000,0.9000,0.7300,98.00,112.00,0,0,0,245.64,8.165,7.672,230.81,2,116,0.016,0.951,113,19,1,17,
224,landing,122,1.0000,1.0000,0.9000,0.7300,99.00,112.00,0,0,0,270.81,9.002,8.124,244.42,6,108,0.049,0.885,113,19,1,18,
225,landing,127,0.9993,1.0000,0.6500,0.5550,101.00,112.00,0,0,0,268.91,8.587,8.338,259.08,1,120,0.008,0.945,118,20,1,19,
226,landing,127,1.0000,1.0000,0.6500,0.5550,101.00,112.00,0,0,0,283.74,9.060,8.552,267.83,0,116,0.000,0.913,118,20,1,19,
227,landing,127,1.0000,1.0000,0.6500,0.5550,101.00,112.00,0,0,0,261.54,8.351,8.351,261.54,2,114,0.016,0.898,118,20,1,20,
228,landing,127,1.0000,1.0000,0.6500,0.5550,101.00,112.00,0,0,0,230.23,7.352,7.352,230.23,0,117,0.000,0.921,118,20,1,21,
229,landing,127,1.0000,1.0000,0.6500,0.5550,101.00,112.00,0,0,0,198.93,6.352,6.352,198.93,0,119,0.000,0.937,118,20,1,22,
230,landing,127,0.9992,1.0000,0.6500,0.5550,101.00,112.00,0,0,0,178.73,5.707,5.588,175.01,3,113,0.024,0.890,118,20,1,23,
231,landing,130,0.9955,1.0000,0.5000,0.4500,102.00,112.00,0,0,0,155.54,4.852,4.852,155.54,3,118,0.023,0.908,121,21,1,23,
232,landing,132,0.9931,1.0000,0.4000,0.3800,104.00,112.00,0,0,0,134.51,4.132,4.132,134.51,2,117,0.015,0.886,123,21,1,24,
233,landing,132,0.9929,1.0000,0.4000,0.3800,104.00,112.00,0,0,0,118.26,3.633,3.478,113.20,3,123,0.023,0.932,123,21,1,25,
234,landing,132,0.9772,1.0000,0.4000,0.3800,104.00,112.00,0,0,0,101.58,3.121,3.121,101.58,4,118,0.030,0.894,123,21,1,26,
235,landing,132,0.8807,0.9136,1.8000,1.3800,108.00,112.00,0,0,0,101.19,3.109,2.955,96.18,6,116,0.045,0.879,123,21,1,27,
236,landing,132,0.9025,0.9470,1.8000,1.3800,108.00,112.00,0,0,0,97.28,2.988,2.962,96.43,1,121,0.008,0.917,123,21,1,28,
237,landing,132,0.9297,0.9803,1.8000,1.3800,108.00,112.00,0,0,0,93.82,2.882,2.684,87.38,3,121,0.023,0.917,123,21,1,29,
238,landing,137,0.9474,1.0000,1.5500,1.2050,111.00,112.00,0,0,0,85.75,2.538,2.393,80.84,2,120,0.015,0.876,128,21,1,30,
239,landing,137,0.9699,1.0000,1.5500,1.2050,111.00,112.00,0,0,0,103.33,3.058,2.297,77.60,4,127,0.029,0.927,128,21,1,31,
240,landing,137,0.9939,1.0000,1.5500,1.2050,111.00,112.00,0,0,0,87.01,2.576,2.576,87.01,0,126,0.000,0.920,128,21,1,31,
241,landing,137,1.0000,1.0000,1.5500,1.2050,111.00,112.00,0,0,0,66.98,1.983,1.983,66.98,4,123,0.029,0.898,128,21,0,30,ice
242,landing,137,0.9994,1.0000,1.5500,1.2050,111.00,126.00,0,0,0,61.60,1.823,1.730,58.46,4,123,0.029,0.898,128,21,0,29,ice
243,landing,137,1.0000,1.0000,1.5500,1.2050,111.00,126.00,0,0,0,68.39,2.024,1.622,54.81,4,124,0.029,0.905,128,21,1,29,
244,landing,137,1.0000,1.0000,1.5500,1.2050,111.00,126.00,0,0,0,70.30,2.081,1.890,63.86,1,129,0.007,0.942,128,21,1,29,
245,landing,137,1.0000,1.0000,1.5500,1.2050,111.00,126.00,0,0,0,51.39,1.521,1.521,51.39,1,132,0.007,0.964,128,21,0,28,ice
246,landing,137,1.0000,1.0000,1.5500,1.2050,111.00,126.00,0,0,0,42.62,1.262,1.193,40.30,2,125,0.015,0.912,128,21,0,27,ice
247,landing,137,0.9992,1.0000,1.5500,1.2050,111.00,126.00,0,0,0,33.90,1.003,0.933,31.53,1,128,0.007,0.934,128,21,0,26,ice
248,landing,137,1.0000,1.0000,1.5500,1.2050,111.00,126.00,0,0,0,10.20,0.302,0.208,7.02,3,124,0.022,0.905,128,21,0,25,ice
249,landing,142,0.9993,1.0000,1.3000,1.0300,114.00,126.00,0,0,0,28.37,0.810,0.209,7.05,8,124,0.056,0.873,133,21,0,24,ice
250,landing,142,1.0000,1.0000,1.3000,1.0300,114.00,126.00,0,0,0,53.09,1.516,0.756,26.46,3,130,0.021,0.915,133,21,0,24,ice
251,landing,142,1.0000,1.0000,1.3000,1.0300,114.00,126.00,0,0,0,56.49,1.613,1.282,44.88,2,133,0.014,0.937,133,21,0,24,ice
252,landing,142,1.0000,1.0000,1.3000,1.0300,114.00,126.00,0,0,0,55.67,1.590,1.585,55.50,3,126,0.021,0.887,133,21,0,24,ice
253,landing,142,1.0000,1.0000,1.3000,1.0300,114.00,126.00,0,0,0,36.39,1.039,1.039,36.39,0,131,0.000,0.923,133,21,0,24,ice
254,landing,142,1.0000,1.0000,1.3000,1.0300,114.00,126.00,0,0,0,28.44,0.812,0.780,27.32,4,126,0.028,0.887,133,21,0,24,ice
255,landing,142,1.0000,1.0000,1.3000,1.0300,114.00,126.00,0,0,0,4.39,0.125,0.125,4.39,1,129,0.007,0.908,133,21,0,24,ice
256,landing,142,1.0000,1.0000,1.3000,1.0300,114.00,126.00,0,0,0,0.62,0.018,0.000,0.00,3,128,0.021,0.901,133,21,0,24,ice
257,landing,141,1.0000,1.0000,1.3500,1.0650,117.00,126.00,0,0,1,0.00,0.000,0.000,0.00,3,128,0.021,0.908,132,21,0,24,no_shortage_death|ice
258,landing,140,1.0000,1.0000,1.4000,1.1000,117.00,126.00,0,0,1,0.00,0.000,0.000,0.00,4,127,0.029,0.907,130,21,0,24,no_shortage_death|ice
259,landing,141,0.9995,1.0000,1.3500,1.0650,117.00,126.00,0,0,1,31.28,0.900,0.000,0.00,6,124,0.043,0.879,129,21,0,23,no_shortage_death|ice
260,landing,147,0.9970,1.0000,1.0500,0.8550,119.00,126.00,0,0,0,39.43,1.088,0.424,15.05,1,139,0.007,0.946,135,21,0,22,ice
261,landing,147,0.9998,1.0000,1.0500,0.8550,119.00,126.00,0,0,0,104.34,2.878,0.855,30.98,8,124,0.054,0.844,135,21,1,22,
262,landing,147,1.0000,1.0000,1.0500,0.8550,119.00,126.00,0,0,0,150.01,4.138,2.820,102.21,2,134,0.014,0.912,135,21,1,22,
263,landing,147,1.0000,1.0000,1.0500,0.8550,119.00,126.00,0,0,0,162.76,4.490,3.828,138.77,2,136,0.014,0.925,135,21,1,22,
264,landing,147,0.9994,1.0000,1.0500,0.8550,119.00,126.00,0,0,0,157.52,4.345,4.152,150.50,1,136,0.007,0.925,135,21,1,22,
265,landing,147,0.9995,1.0000,1.0500,0.8550,119.00,126.00,0,0,0,166.91,4.604,4.228,153.26,4,131,0.027,0.891,135,21,1,22,
266,landing,147,1.0000,1.0000,1.0500,0.8550,119.00,126.00,0,0,0,162.40,4.480,4.396,159.34,0,140,0.000,0.952,135,21,1,22,
267,landing,147,1.0000,1.0000,1.0500,0.8550,119.00,126.00,0,0,0,130.20,3.592,3.592,130.20,1,140,0.007,0.952,135,21,1,22,
268,landing,147,0.9996,1.0000,1.0500,0.8550,119.00,126.00,0,0,0,114.78,3.166,3.166,114.78,3,139,0.020,0.946,135,21,1,22,
269,landing,147,0.9996,1.0000,1.0500,0.8550,119.00,126.00,0,0,0,125.57,3.464,3.152,114.26,3,132,0.020,0.898,135,21,1,22,
270,landing,147,0.9996,1.0000,1.0500,0.8550,119.00,126.00,0,0,0,100.78,2.780,2.780,100.78,2,139,0.014,0.946,135,21,1,22,
271,landing,147,1.0000,1.0000,1.0500,0.8550,119.00,126.00,0,0,0,103.73,2.862,2.524,91.49,3,133,0.020,0.905,135,21,1,22,
272,landing,152,0.9999,1.0000,0.8000,0.6800,120.00,126.00,0,0,0,78.31,2.089,2.089,78.31,1,140,0.007,0.921,140,23,1,22,
273,landing,152,0.9967,1.0000,0.8000,0.6800,122.00,126.00,0,0,0,72.58,1.936,1.875,70.28,1,134,0.007,0.882,140,23,0,21,ice
274,landing,155,0.9907,1.0000,0.6500,0.5750,125.00,126.00,0,0,0,70.70,1.850,1.518,56.91,6,135,0.039,0.871,143,23,0,20,ice
275,landing,157,0.9891,1.0000,0.5500,0.5050,125.00,126.00,0,0,0,65.14,1.683,1.423,55.10,6,142,0.038,0.904,145,23,0,19,ice
276,landing,157,0.9926,1.0000,0.5500,0.5050,125.00,126.00,0,0,0,68.74,1.776,1.451,56.19,1,150,0.006,0.955,145,23,0,18,ice
277,landing,157,0.9976,1.0000,0.5500,0.5050,125.00,126.00,0,0,0,30.90,0.798,0.798,30.90,1,152,0.006,0.968,145,23,0,17,ice
278,landing,157,0.9965,1.0000,0.5500,0.5050,123.00,140.00,0,0,0,0.00,0.000,0.000,0.00,5,144,0.032,0.917,145,23,0,16,ice
279,landing,157,0.9931,1.0000,0.5500,0.5050,125.00,140.00,0,0,0,15.02,0.388,0.000,0.00,6,139,0.038,0.885,145,23,0,15,ice
280,landing,157,0.9905,1.0000,0.5500,0.5050,125.00,140.00,0,0,0,26.45,0.683,0.333,12.90,2,143,0.013,0.911,145,23,0,14,ice
281,landing,162,0.9848,1.0000,0.3000,0.3300,128.00,140.00,0,0,0,46.15,1.155,0.653,25.27,7,140,0.043,0.864,150,25,0,14,ice
282,landing,162,0.9812,1.0000,0.3000,0.3300,128.00,140.00,0,0,0,64.57,1.616,1.052,42.02,4,146,0.025,0.901,150,25,0,14,ice
283,landing,162,0.9769,1.0000,0.3000,0.3300,128.00,140.00,0,0,0,83.40,2.088,1.558,62.23,2,150,0.012,0.926,150,25,1,14,
284,landing,162,0.9734,1.0000,0.3000,0.3300,128.00,140.00,0,0,0,108.99,2.728,1.924,76.84,1,153,0.006,0.944,150,25,1,14,
285,landing,162,0.9729,1.0000,0.3000,0.3300,128.00,140.00,0,0,0,74.27,1.859,1.859,74.27,0,150,0.000,0.926,150,25,0,14,ice
286,landing,162,0.9725,1.0000,0.3000,0.3300,128.00,140.00,0,0,0,37.41,0.936,0.936,37.41,3,148,0.019,0.914,150,25,0,14,ice
287,landing,162,0.9689,1.0000,0.3000,0.3300,128.00,140.00,0,0,0,6.45,0.161,0.161,6.45,0,147,0.000,0.907,150,25,0,14,ice
288,landing,161,0.9541,1.0000,0.3500,0.3650,128.00,140.00,0,0,1,0.00,0.000,0.000,0.00,7,139,0.043,0.863,149,25,0,14,no_shortage_death|ice
289,landing,162,0.8513,0.9010,1.7000,1.3300,132.00,140.00,0,0,0,0.00,0.000,0.000,0.00,4,137,0.025,0.846,150,25,0,14,ice
290,landing,162,0.8671,0.9298,1.7000,1.3300,132.00,140.00,0,0,0,23.42,0.586,0.000,0.00,7,143,0.043,0.883,150,25,0,14,ice
291,landing,162,0.8898,0.9586,1.7000,1.3300,132.00,140.00,0,0,0,53.54,1.340,0.530,21.16,6,147,0.037,0.907,150,25,0,14,ice
292,landing,162,0.9118,0.9873,1.7000,1.3300,132.00,140.00,0,0,0,45.63,1.142,1.037,41.42,2,145,0.012,0.895,150,25,0,14,ice
293,landing,162,0.9311,1.0000,1.7000,1.3300,132.00,140.00,0,0,0,35.15,0.880,0.811,32.41,9,145,0.056,0.895,150,25,0,14,ice
294,landing,162,0.9497,1.0000,1.7000,1.3300,132.00,140.00,0,0,0,37.04,0.927,0.697,27.86,7,148,0.043,0.914,150,25,0,14,ice
295,landing,167,0.9635,1.0000,1.4500,1.1550,135.00,140.00,0,0,0,34.24,0.831,0.678,27.26,9,143,0.054,0.856,155,26,0,14,ice
296,landing,167,0.9840,1.0000,1.4500,1.1550,135.00,140.00,0,0,0,13.33,0.324,0.324,13.33,3,151,0.018,0.904,155,26,0,14,ice
297,landing,167,0.9999,1.0000,1.4500,1.1550,135.00,140.00,0,0,0,4.30,0.104,0.000,0.00,3,152,0.018,0.910,155,26,0,14,ice
298,landing,167,1.0000,1.0000,1.4500,1.1550,135.00,140.00,0,0,0,2.47,0.060,0.000,0.00,4,154,0.024,0.922,155,26,0,14,ice
299,landing,165,1.0000,1.0000,1.5500,1.2250,135.00,140.00,0,0,2,0.00,0.000,0.000,0.00,1,152,0.006,0.921,153,26,0,14,no_shortage_death|ice
300,landing,164,1.0000,1.0000,1.6000,1.2600,135.00,140.00,0,0,1,0.00,0.000,0.000,0.00,0,156,0.000,0.951,152,26,0,14,no_shortage_death|ice
