sol,pop,voices,trust,chosen_f1g2,chosen_f1g0,chosen_f1g1,chosen_f2g0,chosen_f2g1,chosen_f2g2,age,cn,hard_share,hard_clause,means,size,mean_lean,t_personal,t_size,t_means,t_hard,t_child,mean_stance,yes_share,no_share,gather_max,gather_share,meeting,c1,c2,c3,c4
1,7,7,1.0000,0.0000,0.0000,0.0000,0.0000,0.0000,0.0000,landing,-,0.10,air,0.249,0.000,0.1073,0.0627,0.0000,-0.0233,0.0321,0.0000,0.1073,0.429,0.000,4,0.571,0,0,0,0,0
2,7,7,1.0000,0.0000,0.0000,0.0000,0.0000,0.0000,0.0000,landing,-,0.20,air,0.277,0.000,0.0779,0.0627,0.0000,-0.0207,0.0641,0.0000,0.0926,0.429,0.000,3,0.429,0,0,0,0,0
3,7,7,1.0000,0.0000,0.0000,0.0000,0.0000,0.0000,0.0000,landing,-,0.30,air,0.277,0.000,0.0458,0.0627,0.0000,-0.0207,0.0962,0.0000,0.0692,0.429,0.000,4,0.571,0,0,0,0,0
4,7,7,1.0000,0.0000,0.0000,0.0000,0.0000,0.0000,0.0000,landing,-,0.40,air,0.277,0.000,0.0137,0.0627,0.0000,-0.0207,0.1283,0.0000,0.0415,0.286,0.286,4,0.571,0,0,0,0,0
5,7,7,1.0000,0.0000,0.0000,0.0000,0.0000,0.0000,0.0000,landing,-,0.50,air,0.277,0.000,-0.0184,0.0627,0.0000,-0.0207,0.1604,0.0000,0.0115,0.286,0.429,3,0.429,0,0,0,0,0
6,7,7,1.0000,0.0000,0.0000,0.0000,0.0000,0.0000,0.0000,landing,-,0.50,air,0.277,0.000,-0.0184,0.0627,0.0000,-0.0207,0.1604,0.0000,-0.0034,0.286,0.429,4,0.571,0,0,0,0,0
7,7,7,1.0000,0.0000,0.0000,0.0000,0.0000,0.0000,0.0000,landing,-,0.50,air,0.277,0.000,-0.0184,0.0627,0.0000,-0.0207,0.1604,0.0000,-0.0109,0.286,0.429,4,0.571,0,0,0,0,0
8,7,7,1.0000,0.0000,0.0000,0.0000,0.0000,0.0000,0.0000,landing,-,0.50,air,0.277,0.000,-0.0184,0.0627,0.0000,-0.0207,0.1604,0.0000,-0.0146,0.286,0.429,3,0.429,0,0,0,0,0
9,7,7,1.0000,0.0000,0.0000,0.0000,0.0000,0.0000,0.0000,landing,-,0.50,air,0.277,0.000,-0.0184,0.0627,0.0000,-0.0207,0.1604,0.0000,-0.0165,0.286,0.429,4,0.571,0,0,0,0,0
10,7,7,1.0000,0.0000,0.0000,0.0000,0.0000,0.0000,0.0000,landing,-,0.50,air,0.277,0.000,-0.0184,0.0627,0.0000,-0.0207,0.1604,0.0000,-0.0174,0.286,0.429,5,0.714,0,0,0,0,0
11,7,7,1.0000,0.0000,0.0000,0.0000,0.0000,0.0000,0.0000,landing,-,0.40,air,0.277,0.000,0.0137,0.0627,0.0000,-0.0207,0.1283,0.0000,-0.0019,0.286,0.429,4,0.571,0,0,0,0,0
12,7,7,1.0000,0.0000,0.0000,0.0000,0.0000,0.0000,0.0000,landing,-,0.30,air,0.314,0.000,0.0492,0.0627,0.0000,-0.0173,0.0962,0.0000,0.0237,0.286,0.286,4,0.571,0,0,0,0,0
13,7,7,1.0000,0.0000,0.0000,0.0000,0.0000,0.0000,0.0000,landing,-,0.20,air,0.125,0.000,0.0637,0.0627,0.0000,-0.0348,0.0641,0.0000,0.0437,0.286,0.143,3,0.429,0,0,0,0,0
14,7,7,1.0000,0.0000,0.0000,0.0000,0.0000,0.0000,0.0000,landing,-,0.10,air,0.153,0.000,0.0984,0.0627,0.0000,-0.0322,0.0321,0.0000,0.0711,0.429,0.000,4,0.571,0,0,0,0,0
15,7,7,1.0000,0.0000,0.0000,0.0000,0.0000,0.0000,0.0000,landing,-,0.00,ice,0.153,0.000,0.1305,0.0627,0.0000,-0.0322,0.0000,0.0000,0.1008,0.429,0.000,3,0.429,0,0,0,0,0
16,7,7,1.0000,0.0000,0.0000,0.0000,0.0000,0.0000,0.0000,landing,-,0.00,ice,0.186,0.000,0.1336,0.0627,0.0000,-0.0291,0.0000,0.0000,0.1172,0.429,0.000,5,0.714,0,0,0,0,0
17,7,7,1.0000,0.0000,0.0000,0.0000,0.0000,0.0000,0.0000,landing,-,0.00,ice,0.250,0.000,0.1395,0.0627,0.0000,-0.0232,0.0000,0.0000,0.1283,0.429,0.000,5,0.714,0,0,0,0,0
18,7,7,1.0000,0.0000,0.0000,0.0000,0.0000,0.0000,0.0000,landing,-,0.00,ice,0.288,0.000,0.1430,0.0627,0.0000,-0.0197,0.0000,0.0000,0.1357,0.429,0.000,4,0.571,0,0,0,0,0
19,7,7,1.0000,0.0000,0.0000,0.0000,0.0000,0.0000,0.0000,landing,-,0.00,ice,0.326,0.000,0.1465,0.0627,0.0000,-0.0162,0.0000,0.0000,0.1411,0.429,0.000,4,0.571,0,0,0,0,0
20,7,7,1.0000,0.0000,0.0000,0.0000,0.0000,0.0000,0.0000,landing,-,0.00,ice,0.326,0.000,0.1465,0.0627,0.0000,-0.0162,0.0000,0.0000,0.1421,0.429,0.000,3,0.429,0,0,1,0,0
21,7,7,1.0000,0.0000,0.0000,0.0000,0.0000,0.0000,0.0000,landing,-,0.00,ice,0.356,0.000,0.1493,0.0627,0.0000,-0.0134,0.0000,0.0000,0.1415,0.429,0.000,3,0.429,0,0,1,0,0
22,7,7,1.0000,0.0000,0.0000,0.0000,0.0000,0.0000,0.0000,landing,-,0.00,ice,0.356,0.000,0.1493,0.0627,0.0000,-0.0134,0.0000,0.0000,0.1414,0.429,0.000,3,0.429,0,0,1,0,0
23,7,7,1.0000,0.0000,0.0000,0.0000,0.0000,0.0000,0.0000,landing,-,0.00,ice,0.356,0.000,0.1493,0.0627,0.0000,-0.0134,0.0000,0.0000,0.1391,0.429,0.000,4,0.571,0,0,1,0,0
24,7,7,1.0000,0.0000,0.0000,0.0000,0.0000,0.0000,0.0000,landing,-,0.00,ice,0.416,0.000,0.1549,0.0627,0.0000,-0.0078,0.0000,0.0000,0.1412,0.429,0.000,4,0.571,0,0,1,0,0
25,7,7,1.0000,0.0000,0.0000,0.0000,0.0000,0.0000,0.0000,landing,-,0.00,ice,0.416,0.000,0.1549,0.0627,0.0000,-0.0078,0.0000,0.0000,0.1423,0.429,0.000,4,0.571,0,0,1,0,0
26,7,7,1.0000,0.0000,0.0000,0.0000,0.0000,0.0000,0.0000,landing,-,0.00,ice,0.223,0.000,0.1370,0.0627,0.0000,-0.0257,0.0000,0.0000,0.1231,0.429,0.000,3,0.429,0,0,1,0,0
27,9,7,1.0000,0.0000,0.0000,0.0000,0.0000,0.0000,0.0000,landing,-,0.00,ice,0.253,0.000,0.1826,0.0627,0.0000,-0.0229,0.0000,0.0429,0.1391,0.429,0.000,3,0.429,0,0,1,0,0
28,9,7,1.0000,0.0000,0.0000,0.0000,0.0000,0.0000,0.0000,landing,-,0.00,ice,0.282,0.000,0.1853,0.0627,0.0000,-0.0202,0.0000,0.0429,0.1429,0.429,0.000,2,0.286,0,0,1,0,0
29,10,7,1.0000,0.0000,0.0000,0.0000,0.0000,0.0000,0.0000,landing,-,0.00,ice,0.282,0.000,0.1853,0.0627,0.0000,-0.0202,0.0000,0.0429,0.1459,0.429,0.000,4,0.571,0,0,1,0,0
30,10,7,1.0000,0.0000,0.0000,0.0000,0.0000,0.0000,0.0000,landing,-,0.00,ice,0.101,0.000,0.1686,0.0627,0.0000,-0.0370,0.0000,0.0429,0.1387,0.429,0.000,3,0.429,0,0,1,0,0
31,11,7,1.0000,0.0000,0.0000,0.0000,0.0000,0.0000,0.0000,landing,-,0.00,ice,0.113,0.000,0.1911,0.0627,0.0000,-0.0359,0.0000,0.0643,0.1467,0.429,0.000,3,0.429,0,0,1,0,0
32,12,7,1.0000,0.0000,0.0000,0.0000,0.0000,0.0000,0.0000,landing,-,0.00,ice,0.113,0.000,0.2125,0.0627,0.0000,-0.0359,0.0000,0.0857,0.1575,0.571,0.000,3,0.429,0,0,1,0,0
33,12,7,1.0000,0.0000,0.0000,0.0000,0.0000,0.0000,0.0000,landing,-,0.00,ice,0.138,0.000,0.2148,0.0627,0.0000,-0.0336,0.0000,0.0857,0.1634,0.571,0.000,3,0.429,0,0,1,0,0
34,14,7,1.0000,0.0000,0.0000,0.0000,0.0000,0.0000,0.0000,landing,-,0.00,ice,0.138,0.000,0.2363,0.0627,0.0000,-0.0336,0.0000,0.1071,0.1674,0.571,0.000,2,0.286,0,0,1,0,0
35,14,7,1.0000,0.0000,0.0000,0.0000,0.0000,0.0000,0.0000,landing,-,0.00,ice,0.138,0.000,0.2363,0.0627,0.0000,-0.0336,0.0000,0.1071,0.1677,0.571,0.000,3,0.429,0,0,1,0,0
36,15,7,1.0000,0.0000,0.0000,0.0000,0.0000,0.0000,0.0000,landing,-,0.00,ice,0.184,0.000,0.2405,0.0627,0.0000,-0.0293,0.0000,0.1071,0.1703,0.571,0.000,4,0.571,0,0,1,0,0
37,15,7,1.0000,0.0000,0.0000,0.0000,0.0000,0.0000,0.0000,landing,-,0.00,ice,0.216,0.000,0.2435,0.0627,0.0000,-0.0263,0.0000,0.1071,0.1728,0.571,0.000,4,0.571,0,0,1,0,0
38,16,7,1.0000,0.0000,0.0000,0.0000,0.0000,0.0000,0.0000,landing,-,0.00,ice,0.141,0.000,0.2365,0.0627,0.0000,-0.0333,0.0000,0.1071,0.1694,0.571,0.000,3,0.429,0,0,1,0,0
39,17,7,1.0000,0.0000,0.0000,0.0000,0.0000,0.0000,0.0000,landing,-,0.00,ice,0.177,0.000,0.2399,0.0627,0.0000,-0.0299,0.0000,0.1071,0.1700,0.571,0.000,3,0.429,0,0,1,0,0
40,17,7,1.0000,0.0000,0.0000,0.0000,0.0000,0.0000,0.0000,landing,-,0.00,ice,0.203,0.000,0.2423,0.0627,0.0000,-0.0275,0.0000,0.1071,0.1713,0.571,0.000,4,0.571,0,0,1,0,0
41,17,7,1.0000,0.0000,0.0000,0.0000,0.0000,0.0000,0.0000,landing,-,0.00,ice,0.233,0.000,0.2451,0.0627,0.0000,-0.0248,0.0000,0.1071,0.1924,0.571,0.000,2,0.286,0,0,1,0,0
42,17,7,1.0000,0.0000,0.0000,0.0000,0.0000,0.0000,0.0000,landing,-,0.00,ice,0.056,0.000,0.2287,0.0627,0.0000,-0.0411,0.0000,0.1071,0.2021,0.571,0.000,3,0.429,0,0,1,0,0
43,18,7,1.0000,0.0000,0.0000,0.0000,0.0000,0.0000,0.0000,landing,-,0.00,ice,0.166,0.000,0.2389,0.0627,0.0000,-0.0309,0.0000,0.1071,0.2070,0.571,0.000,3,0.429,0,0,1,0,0
44,19,7,1.0000,0.0000,0.0000,0.0000,0.0000,0.0000,0.0000,landing,-,0.00,ice,0.228,0.000,0.2660,0.0627,0.0000,-0.0252,0.0000,0.1286,0.2187,0.571,0.000,3,0.429,0,0,1,0,0
45,20,7,1.0000,0.0000,0.0000,0.0000,0.0000,0.0000,0.0000,landing,-,0.00,ice,0.228,0.000,0.2660,0.0627,0.0000,-0.0252,0.0000,0.1286,0.2279,0.571,0.000,3,0.429,0,0,1,0,0
46,21,7,1.0000,0.0000,0.0000,0.0000,0.0000,0.0000,0.0000,landing,-,0.00,ice,0.228,0.000,0.2660,0.0627,0.0000,-0.0252,0.0000,0.1286,0.2324,0.571,0.000,3,0.429,0,0,1,0,0
47,22,7,0.7143,0.0000,0.0000,0.0000,0.0000,0.0000,0.0000,landing,-,0.00,ice,0.006,0.000,0.2455,0.0627,0.0000,-0.0458,0.0000,0.1286,0.2388,0.571,0.000,3,0.429,0,0,1,0,0
48,22,7,0.7143,0.0000,0.0000,0.0000,0.0000,0.0000,0.0000,landing,-,0.00,ice,0.006,0.000,0.2455,0.0627,0.0000,-0.0458,0.0000,0.1286,0.2425,0.571,0.000,2,0.286,0,0,1,0,0
49,22,7,0.7143,0.0000,0.0000,0.0000,0.0000,0.0000,0.0000,landing,-,0.00,ice,0.083,0.000,0.2526,0.0627,0.0000,-0.0387,0.0000,0.1286,0.2477,0.571,0.000,2,0.286,0,0,1,0,0
50,22,7,0.7143,0.0000,0.0000,0.0000,0.0000,0.0000,0.0000,landing,-,0.00,ice,0.083,0.000,0.2526,0.0627,0.0000,-0.0387,0.0000,0.1286,0.2503,0.571,0.000,3,0.429,0,0,1,0,0
51,22,7,0.7143,0.0000,0.0000,0.0000,0.0000,0.0000,0.0000,landing,-,0.00,ice,0.083,0.000,0.2526,0.0627,0.0000,-0.0387,0.0000,0.1286,0.2516,0.571,0.000,3,0.429,0,0,1,0,0
52,24,7,0.7143,0.0000,0.0000,0.0000,0.0000,0.0000,0.0000,landing,-,0.00,ice,0.023,0.000,0.2685,0.0627,0.0000,-0.0442,0.0000,0.1500,0.2602,0.571,0.000,3,0.429,0,0,1,0,0
53,25,7,0.7143,0.0000,0.0000,0.0000,0.0000,0.0000,0.0000,landing,-,0.00,ice,0.080,0.000,0.2737,0.0627,0.0000,-0.0389,0.0000,0.1500,0.2663,0.571,0.000,4,0.571,0,0,1,0,0
54,27,7,0.7143,0.0000,0.0000,0.0000,0.0000,0.0000,0.0000,settlement,-,0.00,ice,0.120,0.000,0.2560,0.0627,0.0000,-0.0352,0.0000,0.1286,0.2609,0.571,0.000,2,0.286,0,0,1,0,0
55,27,7,0.7143,0.0000,0.0000,0.0000,0.0000,0.0000,0.0000,settlement,-,0.00,ice,0.148,0.000,0.2586,0.0627,0.0000,-0.0327,0.0000,0.1286,0.2620,0.571,0.000,3,0.429,0,0,1,0,0
56,27,7,0.7143,0.0000,0.0000,0.0000,0.0000,0.0000,0.0000,settlement,-,0.00,ice,0.148,0.000,0.2371,0.0627,0.0000,-0.0327,0.0000,0.1071,0.2513,0.571,0.000,4,0.571,0,0,1,0,0
57,27,7,0.7143,0.0000,0.0000,0.0000,0.0000,0.0000,0.0000,settlement,-,0.00,ice,0.191,0.000,0.2412,0.0627,0.0000,-0.0286,0.0000,0.1071,0.2482,0.571,0.000,3,0.429,0,0,1,0,0
58,27,7,0.7143,0.0000,0.0000,0.0000,0.0000,0.0000,0.0000,settlement,-,0.00,ice,0.054,0.000,0.2070,0.0627,0.0000,-0.0414,0.0000,0.0857,0.2294,0.571,0.000,2,0.286,0,0,1,0,0
59,27,7,0.7143,0.0000,0.0000,0.0000,0.0000,0.0000,0.0000,settlement,-,0.00,ice,0.179,0.000,0.1972,0.0627,0.0000,-0.0298,0.0000,0.0643,0.2152,0.429,0.000,3,0.429,0,0,1,0,0
60,29,7,0.7143,0.0000,0.0000,0.0000,0.0000,0.0000,0.0000,settlement,-,0.00,ice,0.193,0.000,0.1985,0.0627,0.0000,-0.0284,0.0000,0.0643,0.2065,0.429,0.000,4,0.571,0,0,1,0,0
61,30,7,0.7143,0.0000,0.0000,0.0000,0.0000,0.0000,0.0000,settlement,-,0.00,ice,0.221,0.000,0.2011,0.0627,0.0000,-0.0258,0.0000,0.0643,0.2041,0.429,0.000,3,0.429,0,0,1,0,0
62,31,7,0.7143,0.0000,0.0000,0.0000,0.0000,0.0000,0.0000,settlement,-,0.00,ice,0.081,0.000,0.2095,0.0627,0.0000,-0.0389,0.0000,0.0857,0.2070,0.429,0.000,3,0.429,0,0,1,0,0
63,32,7,0.7143,0.0000,0.0000,0.0000,0.0000,0.0000,0.0000,settlement,-,0.00,ice,0.081,0.000,0.2095,0.0627,0.0000,-0.0389,0.0000,0.0857,0.2058,0.429,0.000,2,0.286,0,0,1,0,0
64,32,7,0.7143,0.0000,0.0000,0.0000,0.0000,0.0000,0.0000,settlement,-,0.00,ice,0.161,0.000,0.2170,0.0627,0.0000,-0.0314,0.0000,0.0857,0.2105,0.429,0.000,4,0.571,0,0,1,0,0
65,32,7,0.7143,0.0000,0.0000,0.0000,0.0000,0.0000,0.0000,settlement,-,0.00,ice,0.194,0.000,0.1986,0.0627,0.0000,-0.0284,0.0000,0.0643,0.2033,0.429,0.000,4,0.571,0,0,1,0,0
66,33,7,0.7143,0.0000,0.0000,0.0000,0.0000,0.0000,0.0000,settlement,-,0.00,ice,0.220,0.000,0.2225,0.0627,0.0000,-0.0259,0.0000,0.0857,0.2062,0.571,0.000,2,0.286,0,0,1,0,0
67,35,9,0.5556,0.0000,0.0000,0.0000,0.0000,0.0000,0.0000,settlement,-,0.00,ice,0.258,0.000,0.2315,0.0709,0.0000,-0.0228,0.0000,0.0833,0.2199,0.667,0.000,2,0.222,0,0,1,0,0
68,37,9,0.5556,0.0000,0.0000,0.0000,0.0000,0.0000,0.0000,settlement,-,0.00,ice,0.418,0.000,0.2465,0.0709,0.0000,-0.0077,0.0000,0.0833,0.2249,0.667,0.000,3,0.333,0,0,1,0,0
69,37,10,0.5000,0.0000,0.0000,0.0000,0.0000,0.0000,0.0000,settlement,-,0.00,ice,0.334,0.000,0.2441,0.0697,0.0000,-0.0157,0.0000,0.0900,0.2286,0.700,0.000,3,0.300,0,0,1,0,0
70,37,10,0.5000,0.0000,0.0000,0.0000,0.0000,0.0000,0.0000,settlement,-,0.00,ice,0.379,0.000,0.2483,0.0697,0.0000,-0.0115,0.0000,0.0900,0.2304,0.700,0.000,3,0.300,0,0,1,0,0
71,37,11,0.5455,0.0000,0.0000,0.0000,0.0000,0.0000,0.0000,settlement,-,0.00,ice,0.406,0.000,0.2311,0.0581,0.0000,-0.0088,0.0000,0.0818,0.2110,0.636,0.000,3,0.273,0,0,1,0,0
72,39,12,0.5000,0.0000,0.0000,0.0000,0.0000,0.0000,0.0000,settlement,-,0.00,ice,0.483,0.000,0.2521,0.0788,0.0000,-0.0017,0.0000,0.0750,0.2307,0.667,0.000,3,0.250,0,0,1,0,1
73,42,12,0.5000,0.0000,0.0000,0.0000,0.0000,0.0000,0.0000,settlement,-,0.00,ice,0.301,0.025,0.2258,0.0788,0.0036,-0.0191,0.0000,0.0625,0.2109,0.583,0.000,4,0.333,0,0,1,0,1
74,42,14,0.5000,0.0000,0.0000,0.0000,0.0000,0.0000,0.0000,settlement,-,0.00,ice,0.386,0.025,0.2573,0.1113,0.0037,-0.0112,0.0000,0.0536,0.2261,0.643,0.000,5,0.357,0,0,1,0,1
75,42,14,0.5000,0.0000,0.0000,0.0000,0.0000,0.0000,0.0000,settlement,-,0.00,ice,0.532,0.025,0.2717,0.1113,0.0037,0.0032,0.0000,0.0536,0.2398,0.643,0.000,4,0.286,0,0,1,0,1
76,42,15,0.4667,0.0000,0.0000,0.0000,0.0000,0.0000,0.0000,settlement,-,0.00,ice,0.293,0.025,0.2459,0.1127,0.0037,-0.0205,0.0000,0.0500,0.2197,0.667,0.000,3,0.200,0,0,0,0,1
77,42,15,0.4667,0.0000,0.0000,0.0000,0.0000,0.0000,0.0000,settlement,-,0.00,ice,0.316,0.025,0.2481,0.1127,0.0037,-0.0183,0.0000,0.0500,0.2205,0.667,0.000,4,0.267,0,0,0,0,1
78,43,16,0.4375,0.0000,0.0000,0.0000,0.0000,0.0000,0.0000,settlement,-,0.00,ice,0.118,0.037,0.2303,0.1063,0.0056,-0.0379,0.0000,0.0563,0.2020,0.562,0.000,5,0.312,0,0,0,0,1
79,46,17,0.4706,0.0000,0.0000,0.0000,0.0000,0.0000,0.0000,settlement,-,0.00,ice,0.155,0.075,0.2456,0.1069,0.0112,-0.0342,0.0000,0.0618,0.2125,0.706,0.000,8,0.471,0,0,0,0,1
80,46,17,0.4118,0.0000,0.0000,0.0000,0.0000,0.0000,0.0000,settlement,-,0.00,ice,0.000,0.075,0.2302,0.1069,0.0112,-0.0497,0.0000,0.0618,0.2124,0.647,0.000,5,0.294,0,0,0,0,1
81,50,17,0.4118,0.0000,0.0000,0.0000,0.0000,0.0000,0.0000,settlement,-,0.00,ice,0.099,0.125,0.2563,0.1069,0.0186,-0.0399,0.0000,0.0706,0.2323,0.706,0.000,5,0.294,0,0,0,0,1
82,52,17,0.4118,0.0000,0.0000,0.0000,0.0000,0.0000,0.0000,settlement,-,0.00,ice,0.130,0.150,0.2543,0.1069,0.0224,-0.0367,0.0000,0.0618,0.2364,0.706,0.000,6,0.353,0,0,0,0,1
83,52,18,0.3889,0.0000,0.0000,0.0000,0.0000,0.0000,0.0000,settlement,-,0.00,ice,0.177,0.150,0.2544,0.1058,0.0223,-0.0320,0.0000,0.0583,0.2386,0.778,0.000,4,0.222,0,0,0,0,1
84,56,19,0.3684,0.0000,0.0000,0.0000,0.0000,0.0000,0.0000,settlement,-,0.00,ice,0.212,0.200,0.2917,0.1115,0.0300,-0.0287,0.0000,0.0789,0.2755,0.789,0.000,5,0.263,0,1,0,0,1
85,57,20,0.3500,0.0000,0.0000,0.0000,0.0000,0.0000,0.0000,settlement,-,0.00,ice,0.061,0.212,0.2835,0.1206,0.0321,-0.0442,0.0000,0.0750,0.2714,0.750,0.000,5,0.250,0,1,0,0,1
86,57,21,0.3333,0.0000,0.0000,0.0000,0.0000,0.0000,0.0000,settlement,-,0.00,ice,0.152,0.212,0.2907,0.1222,0.0321,-0.0351,0.0000,0.0714,0.2776,0.810,0.000,5,0.238,0,1,0,0,1
87,57,22,0.3182,0.0000,0.0909,0.0909,0.0000,0.0000,0.0000,settlement,-,0.00,ice,0.216,0.212,0.2803,0.1086,0.0318,-0.0283,0.0000,0.0682,0.2705,0.818,0.000,5,0.227,0,1,0,0,1
88,57,22,0.3182,0.0000,0.0000,0.0000,0.0000,0.0000,0.0000,settlement,-,0.00,ice,0.256,0.212,0.2842,0.1086,0.0318,-0.0243,0.0000,0.0682,0.2738,0.773,0.000,4,0.182,0,1,0,0,1
89,62,22,0.3182,0.0000,0.0000,0.0000,0.0000,0.0000,0.0000,settlement,-,0.00,ice,0.100,0.275,0.2916,0.1086,0.0412,-0.0399,0.0000,0.0818,0.2782,0.773,0.000,5,0.227,0,1,0,0,1
90,62,22,0.2727,0.0000,0.0000,0.0000,0.0000,0.0000,0.0000,settlement,-,0.00,ice,0.169,0.275,0.2985,0.1086,0.0412,-0.0331,0.0000,0.0818,0.2956,0.773,0.000,5,0.227,0,1,0,0,1
91,62,22,0.2727,0.0000,0.0000,0.0000,0.0000,0.0000,0.0000,settlement,-,0.00,ice,0.220,0.275,0.3036,0.1086,0.0412,-0.0279,0.0000,0.0818,0.2994,0.773,0.000,4,0.182,0,1,0,0,1
92,62,24,0.2917,0.0000,0.0000,0.0000,0.0000,0.0000,0.0000,settlement,-,0.00,ice,0.288,0.275,0.3012,0.1062,0.0411,-0.0212,0.0000,0.0750,0.2949,0.833,0.000,5,0.208,0,1,0,0,1
93,62,25,0.2400,0.0000,0.0000,0.0000,0.0000,0.0000,0.0000,settlement,-,0.00,ice,0.135,0.275,0.2770,0.1063,0.0411,-0.0363,0.0000,0.0660,0.2713,0.800,0.000,6,0.240,0,1,0,0,1
94,62,27,0.2963,0.0741,0.0741,0.0741,0.0000,0.0000,0.0000,settlement,-,0.00,ice,0.228,0.275,0.2878,0.1126,0.0412,-0.0272,0.0000,0.0611,0.2784,0.815,0.000,6,0.222,0,1,0,0,1
95,62,27,0.2222,0.0741,0.0741,0.0741,0.0000,0.0000,0.0000,settlement,-,0.00,ice,0.335,0.275,0.2985,0.1126,0.0412,-0.0165,0.0000,0.0611,0.2916,0.815,0.000,6,0.222,0,1,0,0,1
96,67,27,0.2222,0.0741,0.0741,0.0741,0.0000,0.0000,0.0000,settlement,-,0.00,ice,0.126,0.338,0.2981,0.1126,0.0505,-0.0373,0.0000,0.0722,0.2934,0.815,0.000,6,0.222,0,1,0,0,1
97,72,27,0.2222,0.0741,0.0741,0.0741,0.0000,0.0000,0.0000,settlement,-,0.00,ice,0.156,0.400,0.3104,0.1126,0.0599,-0.0344,0.0000,0.0722,0.3040,0.852,0.000,7,0.259,0,1,0,0,1
98,72,27,0.2222,0.0741,0.0741,0.0741,0.0000,0.0000,0.0000,settlement,-,0.00,ice,0.236,0.400,0.3129,0.1126,0.0599,-0.0263,0.0000,0.0667,0.3089,0.815,0.000,5,0.185,0,1,0,0,1
99,72,27,0.2222,0.1481,0.1481,0.1481,0.0000,0.0000,0.0000,settlement,-,0.00,ice,0.051,0.400,0.2888,0.1126,0.0599,-0.0448,0.0000,0.0611,0.2895,0.815,0.000,7,0.259,0,1,0,0,1
100,72,29,0.1724,0.2069,0.2069,0.2069,0.0000,0.0000,0.0000,settlement,-,0.00,ice,0.209,0.400,0.3095,0.1165,0.0601,-0.0291,0.0000,0.0621,0.3025,0.828,0.000,6,0.207,0,1,0,0,1
101,72,30,0.2000,0.2000,0.2000,0.2000,0.0000,0.0000,0.0000,settlement,-,0.00,ice,0.285,0.400,0.2952,0.1021,0.0593,-0.0212,0.0000,0.0550,0.2840,0.733,0.000,6,0.200,0,1,0,0,1
102,72,31,0.1935,0.1935,0.1935,0.1935,0.0000,0.0000,0.0000,settlement,-,0.00,ice,0.300,0.400,0.2838,0.0914,0.0587,-0.0196,0.0000,0.0532,0.2726,0.742,0.000,7,0.226,0,1,0,0,1
103,72,32,0.2188,0.1875,0.1875,0.1875,0.0000,0.0000,0.0000,settlement,-,0.00,ice,0.386,0.400,0.2803,0.0770,0.0581,-0.0111,0.0000,0.0562,0.2723,0.750,0.000,5,0.156,0,1,0,0,1
104,72,32,0.2188,0.1875,0.1875,0.1875,0.0000,0.0000,0.0000,settlement,-,0.00,ice,0.463,0.400,0.2690,0.0770,0.0581,-0.0036,0.0000,0.0375,0.2679,0.688,0.000,5,0.156,0,1,0,0,1
105,75,32,0.2188,0.1875,0.1875,0.1875,0.0000,0.0000,0.0000,settlement,-,0.00,ice,0.265,0.438,0.2553,0.0770,0.0635,-0.0227,0.0000,0.0375,0.2570,0.656,0.031,6,0.188,0,1,0,0,1
106,77,33,0.2424,0.1818,0.1818,0.1818,0.0000,0.0000,0.0000,settlement,-,0.00,ice,0.311,0.463,0.2491,0.0643,0.0665,-0.0181,0.0000,0.0364,0.2509,0.636,0.000,6,0.182,0,1,0,0,1
107,77,35,0.1143,0.1143,0.1143,0.1143,0.0000,0.0000,0.0000,settlement,-,0.00,ice,0.343,0.463,0.2370,0.0517,0.0659,-0.0149,0.0000,0.0343,0.2401,0.657,0.029,6,0.171,0,1,0,0,1
108,77,37,0.1081,0.1081,0.1081,0.1081,0.0000,0.0000,0.0000,settlement,-,0.00,ice,0.135,0.463,0.2048,0.0414,0.0653,-0.0343,0.0000,0.0324,0.2130,0.595,0.027,8,0.216,0,1,0,0,1
109,77,37,0.0811,0.0541,0.0541,0.0541,0.0000,0.0000,0.0000,settlement,-,0.00,ice,0.234,0.463,0.1978,0.0414,0.0653,-0.0251,0.0000,0.0162,0.2083,0.622,0.054,7,0.189,0,1,0,0,1
110,77,37,0.0811,0.0541,0.0541,0.0541,0.0000,0.0000,0.0000,settlement,-,0.00,ice,0.253,0.463,0.1996,0.0414,0.0653,-0.0233,0.0000,0.0162,0.2061,0.622,0.081,7,0.189,0,1,0,0,1
111,77,37,0.0811,0.0541,0.0541,0.0541,0.0000,0.0000,0.0000,settlement,-,0.00,ice,0.275,0.463,0.2017,0.0414,0.0653,-0.0212,0.0000,0.0162,0.2070,0.622,0.081,7,0.189,0,1,0,0,1
112,77,39,0.0769,0.1282,0.1282,0.1282,0.0256,0.0256,0.0256,settlement,-,0.00,ice,0.042,0.463,0.1737,0.0362,0.0650,-0.0429,0.0000,0.0154,0.1828,0.615,0.103,6,0.154,0,1,0,0,1
113,77,42,0.2381,0.2857,0.2857,0.2857,0.0952,0.0952,0.0952,settlement,-,0.00,ice,0.070,0.463,0.1603,0.0181,0.0640,-0.0396,0.0000,0.0179,0.1653,0.595,0.119,7,0.167,0,1,0,0,1
114,77,42,0.2381,0.2857,0.2857,0.2857,0.0952,0.0952,0.0952,settlement,-,0.00,ice,0.097,0.463,0.1627,0.0181,0.0640,-0.0371,0.0000,0.0179,0.1672,0.595,0.119,6,0.143,0,1,0,0,1
115,77,42,0.2381,0.2857,0.2857,0.2857,0.0952,0.0952,0.0952,settlement,-,0.00,ice,0.221,0.463,0.1742,0.0181,0.0640,-0.0257,0.0000,0.0179,0.1760,0.595,0.119,7,0.167,0,1,0,0,1
116,77,42,0.2381,0.2619,0.2619,0.2619,0.0714,0.0714,0.0714,settlement,-,0.00,ice,0.086,0.463,0.1509,0.0181,0.0640,-0.0382,0.0000,0.0071,0.1555,0.595,0.143,11,0.262,0,1,0,0,1
117,77,42,0.2143,0.2381,0.2381,0.2381,0.0476,0.0476,0.0476,settlement,-,0.00,ice,0.327,0.463,0.1697,0.0181,0.0640,-0.0159,0.0000,0.0036,0.1681,0.595,0.119,11,0.262,0,1,0,0,1
118,77,43,0.3256,0.3256,0.3256,0.3256,0.0930,0.0930,0.0930,settlement,-,0.00,ice,0.365,0.463,0.1682,0.0134,0.0638,-0.0124,0.0000,0.0035,0.1677,0.581,0.093,13,0.302,0,1,0,0,1
119,77,46,0.4130,0.3913,0.3913,0.3913,0.1522,0.1522,0.1522,settlement,-,0.00,ice,0.409,0.463,0.1556,-0.0055,0.0628,-0.0082,0.0000,0.0065,0.1553,0.543,0.087,10,0.217,0,1,0,0,1
120,77,46,0.4130,0.3913,0.3913,0.3913,0.1522,0.1522,0.1522,settlement,-,0.00,ice,0.494,0.463,0.1633,-0.0055,0.0628,-0.0006,0.0000,0.0065,0.1604,0.543,0.087,9,0.196,0,1,0,0,1
121,77,50,0.4000,0.4200,0.4200,0.4200,0.1400,0.1400,0.1400,settlement,-,0.00,ice,0.511,0.463,0.1470,-0.0220,0.0620,0.0010,0.0000,0.0060,0.1440,0.500,0.100,8,0.160,0,1,0,0,1
122,77,52,0.4231,0.4423,0.4423,0.4423,0.1346,0.1346,0.1346,settlement,-,0.00,ice,0.570,0.463,0.1443,-0.0293,0.0617,0.0062,0.0000,0.0058,0.1393,0.500,0.135,7,0.135,0,1,0,0,1
123,79,52,0.4231,0.4423,0.4423,0.4423,0.1346,0.1346,0.1346,settlement,-,0.00,ice,0.326,0.487,0.1289,-0.0293,0.0650,-0.0154,0.0000,0.0087,0.1287,0.481,0.135,6,0.115,0,1,0,0,1
124,82,56,0.5357,0.4643,0.4643,0.4643,0.1786,0.1786,0.1786,settlement,-,0.00,ice,0.375,0.525,0.1311,-0.0381,0.0695,-0.0110,0.0000,0.0107,0.1314,0.446,0.143,7,0.125,0,1,0,0,1
125,82,57,0.5439,0.4737,0.4737,0.4737,0.1930,0.1930,0.1930,settlement,-,0.00,ice,0.412,0.525,0.1310,-0.0386,0.0694,-0.0078,0.0000,0.0079,0.1324,0.456,0.105,8,0.140,0,1,0,0,1
126,82,57,0.5263,0.4737,0.4737,0.4737,0.1930,0.1930,0.1930,settlement,-,0.00,ice,0.419,0.525,0.1290,-0.0386,0.0694,-0.0071,0.0000,0.0053,0.1311,0.456,0.105,8,0.140,0,1,0,0,1
127,82,57,0.5263,0.4737,0.4737,0.4737,0.1579,0.1579,0.1579,settlement,-,0.00,ice,0.434,0.525,0.1303,-0.0386,0.0694,-0.0058,0.0000,0.0053,0.1323,0.474,0.105,8,0.140,0,1,0,0,1
128,82,57,0.5263,0.4737,0.4737,0.4737,0.1579,0.1579,0.1579,settlement,-,0.00,ice,0.453,0.525,0.1320,-0.0386,0.0694,-0.0041,0.0000,0.0053,0.1338,0.474,0.105,9,0.158,0,1,0,0,1
129,82,62,0.5323,0.4677,0.4677,0.4677,0.2097,0.2097,0.2097,settlement,-,0.00,ice,0.166,0.525,0.0961,-0.0483,0.0689,-0.0293,0.0000,0.0048,0.1029,0.387,0.129,8,0.129,0,1,0,0,1
130,82,62,0.5323,0.4677,0.4677,0.4677,0.2097,0.2097,0.2097,settlement,-,0.00,ice,0.243,0.525,0.1029,-0.0483,0.0689,-0.0225,0.0000,0.0048,0.1054,0.403,0.145,10,0.161,0,1,0,0,1
131,82,62,0.4839,0.4677,0.4677,0.4677,0.2097,0.2097,0.2097,settlement,-,0.00,ice,0.281,0.525,0.1062,-0.0483,0.0689,-0.0192,0.0000,0.0048,0.1075,0.403,0.129,9,0.145,0,1,0,0,1
132,82,62,0.4355,0.4516,0.4516,0.4516,0.1935,0.1935,0.1935,settlement,-,0.00,ice,0.032,0.525,0.0845,-0.0483,0.0689,-0.0409,0.0000,0.0048,0.0904,0.387,0.194,7,0.113,0,1,0,0,1
133,87,62,0.4355,0.4516,0.4516,0.4516,0.1774,0.1774,0.1774,settlement,-,0.00,ice,0.098,0.588,0.1057,-0.0483,0.0771,-0.0352,0.0000,0.0121,0.1053,0.387,0.177,7,0.113,0,1,0,0,1
134,87,62,0.4194,0.4355,0.4355,0.4355,0.1774,0.1774,0.1774,settlement,-,0.00,ice,0.187,0.588,0.1135,-0.0483,0.0771,-0.0274,0.0000,0.0121,0.1129,0.419,0.161,10,0.161,0,1,0,0,1
135,87,62,0.3710,0.4355,0.4355,0.4355,0.1774,0.1774,0.1774,settlement,-,0.00,ice,0.221,0.588,0.1165,-0.0483,0.0771,-0.0244,0.0000,0.0121,0.1164,0.419,0.145,10,0.161,0,1,0,0,1
136,87,67,0.2090,0.4478,0.4478,0.4478,0.1642,0.1642,0.1642,settlement,-,0.00,ice,0.261,0.588,0.1185,-0.0511,0.0770,-0.0208,0.0000,0.0134,0.1184,0.433,0.134,9,0.134,0,1,0,0,1
137,88,72,0.3472,0.4722,0.4722,0.4722,0.1806,0.1806,0.1806,settlement,-,0.00,ice,0.322,0.600,0.1296,-0.0482,0.0789,-0.0156,0.0000,0.0146,0.1267,0.458,0.111,8,0.111,0,1,0,0,1
138,92,72,0.3750,0.4861,0.4861,0.4861,0.1667,0.1667,0.1667,settlement,-,0.00,ice,0.140,0.650,0.1286,-0.0482,0.0855,-0.0316,0.0000,0.0229,0.1295,0.444,0.097,12,0.167,0,1,0,0,1
139,92,72,0.3750,0.4722,0.4722,0.4722,0.1528,0.1528,0.1528,settlement,-,0.00,ice,0.194,0.650,0.1333,-0.0482,0.0855,-0.0268,0.0000,0.0229,0.1316,0.458,0.097,10,0.139,0,1,0,0,1
140,92,72,0.2917,0.4444,0.4722,0.4722,0.1389,0.1389,0.1389,settlement,-,0.00,ice,0.277,0.650,0.1406,-0.0482,0.0855,-0.0195,0.0000,0.0229,0.1370,0.458,0.097,14,0.194,0,1,0,0,1
141,92,72,0.2917,0.4444,0.4722,0.4722,0.1389,0.1389,0.1389,settlement,-,0.00,ice,0.277,0.650,0.1406,-0.0482,0.0855,-0.0195,0.0000,0.0229,0.1380,0.458,0.097,12,0.167,0,1,0,0,1
142,92,72,0.2778,0.4444,0.4722,0.4722,0.1389,0.1389,0.1389,settlement,-,0.00,ice,0.277,0.650,0.1406,-0.0482,0.0855,-0.0195,0.0000,0.0229,0.1395,0.458,0.097,11,0.153,0,1,0,0,1
143,92,72,0.2778,0.4444,0.4722,0.4722,0.1389,0.1389,0.1389,settlement,-,0.00,ice,0.327,0.650,0.1430,-0.0482,0.0855,-0.0151,0.0000,0.0208,0.1420,0.458,0.111,11,0.153,0,1,0,0,1
144,92,72,0.2778,0.4444,0.4722,0.4722,0.1528,0.1528,0.1528,settlement,-,0.00,ice,0.386,0.650,0.1439,-0.0482,0.0855,-0.0100,0.0000,0.0167,0.1418,0.472,0.139,10,0.139,0,1,0,0,1
145,92,75,0.2933,0.4533,0.4800,0.4800,0.1867,0.1867,0.1867,settlement,-,0.00,ice,0.418,0.650,0.1417,-0.0541,0.0850,-0.0071,0.0000,0.0180,0.1406,0.453,0.107,10,0.133,0,1,0,0,1
146,92,77,0.2727,0.4416,0.4935,0.4935,0.1818,0.1818,0.1558,settlement,-,0.00,ice,0.167,0.650,0.1152,-0.0581,0.0846,-0.0289,0.0000,0.0175,0.1199,0.442,0.130,11,0.143,0,1,0,0,1
147,92,77,0.2727,0.4675,0.5195,0.5195,0.2078,0.2078,0.1818,settlement,-,0.00,ice,0.219,0.650,0.1197,-0.0581,0.0846,-0.0244,0.0000,0.0175,0.1217,0.455,0.117,11,0.143,0,1,0,0,1
148,92,77,0.2727,0.4545,0.4935,0.4935,0.1688,0.1688,0.1558,settlement,-,0.00,ice,0.357,0.650,0.1317,-0.0581,0.0846,-0.0124,0.0000,0.0175,0.1290,0.468,0.117,13,0.169,0,1,0,0,1
149,92,77,0.2727,0.4286,0.4675,0.4675,0.1688,0.1688,0.1558,settlement,-,0.00,ice,0.410,0.650,0.1363,-0.0581,0.0846,-0.0078,0.0000,0.0175,0.1343,0.468,0.117,12,0.156,0,1,0,0,1
150,97,77,0.2727,0.4416,0.4805,0.4805,0.1558,0.1558,0.1429,settlement,-,0.00,ice,0.191,0.713,0.1313,-0.0581,0.0928,-0.0268,0.0000,0.0234,0.1312,0.455,0.117,11,0.143,0,1,0,0,1
151,97,77,0.2727,0.4416,0.4805,0.4805,0.1558,0.1558,0.1429,settlement,-,0.00,ice,0.303,0.713,0.1409,-0.0581,0.0928,-0.0171,0.0000,0.0234,0.1386,0.468,0.117,14,0.182,0,1,0,0,1
152,97,77,0.2597,0.4156,0.4545,0.4545,0.1558,0.1558,0.1429,settlement,-,0.00,ice,0.377,0.713,0.1474,-0.0581,0.0928,-0.0107,0.0000,0.0234,0.1452,0.468,0.104,13,0.169,0,1,0,0,1
153,97,77,0.2597,0.3896,0.4286,0.4286,0.1558,0.1558,0.1429,settlement,-,0.00,ice,0.377,0.713,0.1396,-0.0581,0.0928,-0.0107,0.0000,0.0156,0.1408,0.481,0.117,14,0.182,0,1,0,0,1
154,97,77,0.2597,0.3766,0.4156,0.4156,0.1558,0.1558,0.1429,settlement,-,0.00,ice,0.394,0.713,0.1410,-0.0581,0.0928,-0.0092,0.0000,0.0156,0.1405,0.481,0.117,13,0.169,0,1,0,0,1
155,97,77,0.2597,0.3766,0.4156,0.4156,0.1558,0.1558,0.1429,settlement,-,0.00,ice,0.444,0.713,0.1454,-0.0581,0.0928,-0.0049,0.0000,0.0156,0.1437,0.468,0.117,11,0.143,0,1,0,0,1
156,97,77,0.2597,0.3636,0.4156,0.4156,0.1558,0.1558,0.1429,settlement,-,0.00,ice,0.493,0.713,0.1497,-0.0581,0.0928,-0.0006,0.0000,0.0156,0.1452,0.468,0.104,10,0.130,0,1,0,0,1
157,97,77,0.2597,0.3636,0.4156,0.4156,0.1688,0.1688,0.1558,settlement,-,0.10,ice,0.551,0.713,0.1134,-0.0581,0.0928,0.0045,0.0394,0.0136,0.1194,0.442,0.117,9,0.117,0,1,0,0,1
158,97,77,0.2468,0.3506,0.4026,0.4026,0.1688,0.1688,0.1558,settlement,-,0.20,ice,0.561,0.713,0.0671,-0.0581,0.0928,0.0053,0.0787,0.0058,0.0774,0.403,0.234,9,0.117,0,1,0,0,1
159,97,77,0.2468,0.3506,0.4286,0.4286,0.1688,0.1688,0.1558,settlement,-,0.30,ice,0.638,0.713,0.0344,-0.0581,0.0928,0.0120,0.1181,0.0058,0.0458,0.364,0.286,10,0.130,0,1,0,0,1
160,97,77,0.2857,0.3506,0.3896,0.3896,0.1688,0.1688,0.1688,settlement,-,0.40,ice,0.674,0.713,-0.0018,-0.0581,0.0928,0.0151,0.1574,0.0058,0.0101,0.338,0.468,9,0.117,0,1,0,0,1
161,97,77,0.2727,0.3247,0.3636,0.3636,0.1429,0.1429,0.1429,settlement,-,0.50,ice,0.770,0.713,-0.0328,-0.0581,0.0928,0.0235,0.1968,0.0058,-0.0221,0.312,0.494,11,0.143,0,1,0,0,1
162,97,77,0.2727,0.3506,0.3896,0.3896,0.1429,0.1429,0.1429,settlement,-,0.60,ice,0.785,0.713,-0.0709,-0.0581,0.0928,0.0247,0.2362,0.0058,-0.0577,0.299,0.519,9,0.117,0,1,0,0,1
163,97,79,0.3038,0.3291,0.3671,0.3671,0.1646,0.1646,0.1646,settlement,-,0.70,ice,0.785,0.713,-0.1196,-0.0644,0.0922,0.0246,0.2777,0.0057,-0.1059,0.241,0.582,10,0.127,0,1,0,0,1
164,97,82,0.3293,0.3537,0.3902,0.3902,0.1829,0.1829,0.1829,settlement,-,0.80,ice,0.800,0.713,-0.1741,-0.0751,0.0913,0.0257,0.3214,0.0055,-0.1583,0.220,0.622,11,0.134,0,1,0,0,1
165,97,82,0.3171,0.3293,0.3659,0.3659,0.1829,0.1829,0.1829,settlement,-,0.90,ice,0.800,0.713,-0.2142,-0.0751,0.0913,0.0257,0.3616,0.0055,-0.1964,0.183,0.646,16,0.195,0,1,0,0,1
166,97,82,0.3293,0.3415,0.3780,0.3780,0.1951,0.1951,0.1951,settlement,-,1.00,ice,0.840,0.713,-0.2511,-0.0751,0.0913,0.0290,0.4018,0.0055,-0.2326,0.159,0.695,12,0.146,0,1,0,0,1
167,102,82,0.3171,0.3293,0.3659,0.3659,0.1951,0.1951,0.1951,settlement,-,1.00,ice,0.550,0.775,-0.2605,-0.0751,0.0993,0.0043,0.4018,0.0128,-0.2516,0.171,0.732,12,0.146,0,1,0,0,1
168,102,82,0.3293,0.3415,0.3780,0.3780,0.1951,0.1951,0.1951,settlement,-,1.00,ice,0.550,0.775,-0.2605,-0.0751,0.0993,0.0043,0.4018,0.0128,-0.2577,0.171,0.732,10,0.122,0,1,0,0,1
169,102,82,0.3293,0.3659,0.4024,0.4024,0.2195,0.2195,0.2195,settlement,-,0.90,ice,0.269,0.775,-0.2443,-0.0751,0.0993,-0.0198,0.3616,0.0128,-0.2498,0.171,0.732,12,0.146,0,1,0,0,1
170,102,82,0.2927,0.3537,0.3902,0.3902,0.2195,0.2195,0.2195,settlement,-,0.90,ice,0.314,0.775,-0.2459,-0.0751,0.0993,-0.0159,0.3616,0.0073,-0.2524,0.159,0.720,13,0.159,0,1,0,0,1
171,102,82,0.3049,0.3659,0.4024,0.4024,0.2195,0.2195,0.2195,settlement,-,0.90,ice,0.318,0.775,-0.2456,-0.0751,0.0993,-0.0156,0.3616,0.0073,-0.2526,0.159,0.720,9,0.110,0,1,0,0,1
172,102,82,0.3049,0.3780,0.4146,0.4146,0.2317,0.2317,0.2317,settlement,-,0.90,ice,0.344,0.775,-0.2434,-0.0751,0.0993,-0.0133,0.3616,0.0073,-0.2505,0.159,0.720,11,0.134,0,1,0,0,1
173,102,87,0.2874,0.3678,0.4023,0.4023,0.2299,0.2299,0.2299,settlement,-,0.90,ice,0.390,0.775,-0.2125,-0.0585,0.1006,-0.0096,0.3536,0.0086,-0.2208,0.195,0.690,10,0.115,0,1,0,0,1
174,107,87,0.2874,0.3678,0.4023,0.4023,0.2184,0.2184,0.2184,landing,-,0.90,ice,0.130,0.838,-0.2182,-0.0585,0.1087,-0.0320,0.3536,0.0172,-0.2250,0.195,0.678,10,0.115,0,0,0,0,1
175,107,87,0.2874,0.3448,0.3563,0.3563,0.2184,0.2184,0.2184,landing,-,0.90,ice,0.146,0.838,-0.2169,-0.0585,0.1087,-0.0307,0.3536,0.0172,-0.2244,0.195,0.678,10,0.115,0,0,0,0,1
176,107,87,0.2759,0.3333,0.3448,0.3448,0.2184,0.2184,0.2184,landing,-,0.90,ice,0.195,0.838,-0.2126,-0.0585,0.1087,-0.0264,0.3536,0.0172,-0.2197,0.195,0.678,13,0.149,0,0,0,0,1
177,107,88,0.2727,0.3295,0.3409,0.3409,0.2159,0.2159,0.2159,landing,-,0.90,ice,0.215,0.838,-0.2090,-0.0572,0.1088,-0.0247,0.3529,0.0170,-0.2165,0.193,0.659,10,0.114,0,0,0,0,1
178,107,92,0.2717,0.3478,0.3587,0.3587,0.2174,0.2174,0.2174,landing,-,0.90,ice,0.241,0.838,-0.2078,-0.0576,0.1086,-0.0224,0.3527,0.0163,-0.2144,0.174,0.641,11,0.120,0,0,0,0,1
179,107,92,0.2717,0.3261,0.3370,0.3370,0.2174,0.2174,0.2174,landing,-,1.00,ice,0.283,0.838,-0.2433,-0.0576,0.1086,-0.0187,0.3919,0.0163,-0.2419,0.174,0.674,12,0.130,0,0,0,0,1
180,107,92,0.2609,0.2935,0.3043,0.3043,0.1957,0.1957,0.1957,landing,-,1.00,ice,0.296,0.838,-0.2422,-0.0576,0.1086,-0.0176,0.3919,0.0163,-0.2465,0.185,0.685,11,0.120,0,0,0,0,1
181,107,92,0.2609,0.3152,0.3261,0.3261,0.1957,0.1957,0.1957,landing,-,1.00,ice,0.075,0.838,-0.2613,-0.0576,0.1086,-0.0367,0.3919,0.0163,-0.2644,0.163,0.696,12,0.130,0,0,0,0,1
182,107,92,0.2283,0.3152,0.3152,0.3152,0.1848,0.1848,0.1848,landing,-,1.00,ice,0.125,0.838,-0.2570,-0.0576,0.1086,-0.0324,0.3919,0.0163,-0.2609,0.174,0.685,12,0.130,0,0,0,0,1
183,107,92,0.2283,0.3152,0.3152,0.3152,0.1739,0.1739,0.1739,landing,-,1.00,ice,0.141,0.838,-0.2557,-0.0576,0.1086,-0.0311,0.3919,0.0163,-0.2613,0.185,0.685,11,0.120,0,0,0,0,1
184,107,92,0.2391,0.3152,0.3261,0.3152,0.1739,0.1739,0.1739,landing,-,1.00,ice,0.159,0.838,-0.2541,-0.0576,0.1086,-0.0295,0.3919,0.0163,-0.2613,0.185,0.685,9,0.098,0,0,0,0,1
185,112,92,0.2283,0.3478,0.3587,0.3478,0.1739,0.1739,0.1739,landing,-,1.00,ice,0.169,0.900,-0.2370,-0.0576,0.1167,-0.0286,0.3919,0.0245,-0.2490,0.196,0.707,13,0.141,0,0,0,0,1
186,112,92,0.2500,0.3587,0.3696,0.3587,0.1848,0.1848,0.1848,landing,-,1.00,ice,0.203,0.900,-0.2341,-0.0576,0.1167,-0.0257,0.3919,0.0245,-0.2452,0.196,0.696,13,0.141,0,0,0,0,1
187,112,92,0.2500,0.3587,0.3696,0.3587,0.1848,0.1848,0.1848,landing,-,0.90,ice,0.235,0.900,-0.2002,-0.0576,0.1167,-0.0229,0.3527,0.0163,-0.2199,0.196,0.641,10,0.109,0,0,0,0,1
188,112,92,0.2609,0.3696,0.3804,0.3696,0.1848,0.1848,0.1848,landing,-,0.80,ice,0.045,0.900,-0.1775,-0.0576,0.1167,-0.0394,0.3135,0.0163,-0.1967,0.196,0.630,13,0.141,0,0,0,0,1
189,112,92,0.2609,0.3696,0.3804,0.3696,0.1957,0.1957,0.1957,landing,-,0.70,ice,0.048,0.900,-0.1380,-0.0576,0.1167,-0.0391,0.2743,0.0163,-0.1605,0.207,0.587,13,0.141,0,0,0,0,1
190,112,97,0.2887,0.3711,0.3814,0.3711,0.1753,0.1753,0.1753,landing,-,0.60,ice,0.074,0.900,-0.0965,-0.0571,0.1166,-0.0368,0.2346,0.0155,-0.1190,0.227,0.557,10,0.103,0,0,0,0,1
191,112,97,0.2887,0.3711,0.3814,0.3711,0.1856,0.1856,0.1856,landing,-,0.50,ice,0.127,0.900,-0.0528,-0.0571,0.1166,-0.0322,0.1955,0.0155,-0.0767,0.247,0.515,13,0.134,0,0,0,0,1
192,112,97,0.2887,0.3918,0.4021,0.3918,0.1959,0.1856,0.1753,landing,-,0.40,ice,0.205,0.900,-0.0070,-0.0571,0.1166,-0.0254,0.1564,0.0155,-0.0321,0.289,0.485,15,0.155,0,0,0,0,1
193,112,97,0.2887,0.4124,0.4227,0.4124,0.1856,0.1753,0.1753,landing,-,0.30,ice,0.228,0.900,0.0341,-0.0571,0.1166,-0.0235,0.1173,0.0155,0.0087,0.351,0.412,16,0.165,0,0,0,0,1
194,117,97,0.2887,0.4124,0.4227,0.4124,0.1959,0.1856,0.1856,landing,-,0.30,ice,0.032,0.963,0.0206,-0.0571,0.1246,-0.0404,0.1173,0.0108,0.0079,0.320,0.402,14,0.144,0,0,0,0,1
195,117,97,0.3299,0.4330,0.4433,0.4330,0.2268,0.2165,0.2165,landing,-,0.30,ice,0.136,0.963,0.0296,-0.0571,0.1246,-0.0314,0.1173,0.0108,0.0184,0.361,0.402,14,0.144,0,0,0,0,1
196,118,97,0.3299,0.4330,0.4433,0.4330,0.2268,0.2165,0.2165,landing,-,0.30,ice,0.238,0.975,0.0400,-0.0571,0.1263,-0.0226,0.1173,0.0108,0.0292,0.351,0.371,16,0.165,0,0,0,0,1
197,122,97,0.3402,0.4227,0.4330,0.4227,0.2577,0.2474,0.2474,landing,-,0.40,ice,0.062,1.000,-0.0064,-0.0571,0.1295,-0.0378,0.1564,0.0155,-0.0025,0.289,0.443,19,0.196,0,0,0,0,1
198,122,97,0.3505,0.4330,0.4433,0.4330,0.2577,0.2474,0.2474,landing,-,0.50,ice,0.175,1.000,-0.0357,-0.0571,0.1295,-0.0281,0.1955,0.0155,-0.0291,0.278,0.474,21,0.216,0,0,0,0,1
199,122,97,0.4021,0.4433,0.4536,0.4433,0.2680,0.2577,0.2577,landing,-,0.60,ice,0.260,1.000,-0.0675,-0.0571,0.1295,-0.0207,0.2346,0.0155,-0.0590,0.258,0.515,15,0.155,0,0,0,0,1
200,122,97,0.4433,0.4639,0.4742,0.4639,0.2784,0.2680,0.2680,landing,-,0.70,ice,0.325,1.000,-0.1010,-0.0571,0.1295,-0.0151,0.2737,0.0155,-0.0893,0.227,0.557,13,0.134,0,0,0,0,1
201,127,97,0.4433,0.4639,0.4742,0.4639,0.2784,0.2680,0.2680,landing,-,0.80,ice,0.088,1.000,-0.1544,-0.0571,0.1295,-0.0356,0.3128,0.0216,-0.1383,0.196,0.598,11,0.113,0,0,0,0,1
202,127,97,0.4433,0.4845,0.4948,0.4845,0.2990,0.2887,0.2887,landing,-,0.80,ice,0.183,1.000,-0.1462,-0.0571,0.1295,-0.0274,0.3128,0.0216,-0.1425,0.196,0.598,15,0.155,0,0,0,0,1
203,127,97,0.4639,0.5052,0.5155,0.5052,0.3093,0.2990,0.2990,landing,-,0.80,ice,0.257,1.000,-0.1398,-0.0571,0.1295,-0.0210,0.3128,0.0216,-0.1426,0.206,0.598,14,0.144,0,0,0,0,1
204,127,97,0.4639,0.4845,0.4948,0.4845,0.3093,0.2990,0.2990,landing,-,0.80,ice,0.283,1.000,-0.1376,-0.0571,0.1295,-0.0187,0.3128,0.0216,-0.1419,0.216,0.608,16,0.165,0,0,0,0,1
205,132,97,0.4536,0.4742,0.4845,0.4742,0.3196,0.3093,0.3093,landing,-,0.80,ice,0.065,1.000,-0.1564,-0.0571,0.1295,-0.0376,0.3128,0.0216,-0.1572,0.196,0.639,16,0.165,0,0,0,0,1
206,132,97,0.4639,0.4845,0.4948,0.4845,0.3299,0.3196,0.3196,landing,-,0.80,ice,0.151,1.000,-0.1489,-0.0571,0.1295,-0.0301,0.3128,0.0216,-0.1537,0.186,0.629,10,0.103,0,0,0,0,1
207,132,102,0.4510,0.5000,0.5098,0.5000,0.3529,0.3431,0.3431,landing,-,0.80,ice,0.240,1.000,-0.1247,-0.0464,0.1306,-0.0227,0.3084,0.0221,-0.1311,0.225,0.598,13,0.127,0,0,0,0,1
208,132,102,0.4412,0.4902,0.5000,0.4902,0.3529,0.3431,0.3431,landing,-,0.80,ice,0.066,1.000,-0.1398,-0.0464,0.1306,-0.0378,0.3084,0.0221,-0.1405,0.225,0.588,16,0.157,0,0,0,0,1
209,132,102,0.4608,0.4902,0.5000,0.4902,0.3725,0.3627,0.3627,landing,-,0.70,ice,0.163,1.000,-0.0928,-0.0464,0.1306,-0.0293,0.2698,0.0221,-0.1097,0.255,0.578,16,0.157,0,0,0,0,1
210,132,102,0.4020,0.4804,0.5000,0.4902,0.3725,0.3627,0.3627,landing,-,0.60,ice,0.278,1.000,-0.0443,-0.0464,0.1306,-0.0194,0.2313,0.0221,-0.0665,0.275,0.500,14,0.137,0,0,0,0,1
211,132,102,0.4118,0.5000,0.5196,0.5098,0.4216,0.4118,0.3922,landing,-,0.50,ice,0.328,1.000,-0.0014,-0.0464,0.1306,-0.0150,0.1927,0.0221,-0.0300,0.294,0.480,14,0.137,0,0,0,0,1
212,132,102,0.4118,0.5000,0.5196,0.5098,0.4118,0.4020,0.3824,landing,-,0.50,ice,0.116,1.000,-0.0198,-0.0464,0.1306,-0.0334,0.1927,0.0221,-0.0327,0.294,0.480,11,0.108,0,0,0,0,1
213,132,102,0.4412,0.5000,0.5196,0.5098,0.4118,0.4020,0.3824,landing,-,0.50,ice,0.150,1.000,-0.0169,-0.0464,0.1306,-0.0305,0.1927,0.0221,-0.0281,0.294,0.480,15,0.147,0,0,0,0,1
214,132,107,0.4579,0.5421,0.5607,0.5514,0.4019,0.3925,0.3738,landing,-,0.40,ice,0.251,1.000,0.0358,-0.0382,0.1313,-0.0218,0.1522,0.0168,0.0080,0.327,0.411,13,0.121,0,0,0,0,1
215,132,107,0.4579,0.5514,0.5701,0.5607,0.3832,0.3738,0.3551,landing,-,0.30,ice,0.356,1.000,0.0831,-0.0382,0.1313,-0.0126,0.1142,0.0168,0.0502,0.364,0.336,20,0.187,0,0,0,0,1
216,137,107,0.4579,0.5514,0.5701,0.5607,0.3925,0.3832,0.3645,landing,-,0.20,ice,0.180,1.000,0.1099,-0.0382,0.1313,-0.0280,0.0761,0.0210,0.0780,0.439,0.262,25,0.234,0,0,0,0,1
217,137,107,0.4206,0.5607,0.5701,0.5701,0.3738,0.3551,0.3364,landing,-,0.10,ice,0.272,1.000,0.1504,-0.0382,0.1313,-0.0200,0.0381,0.0154,0.1159,0.486,0.196,18,0.168,0,0,0,0,1
218,137,107,0.4206,0.5607,0.5701,0.5701,0.3738,0.3551,0.3271,landing,-,0.00,ice,0.349,1.000,0.1952,-0.0382,0.1313,-0.0132,0.0000,0.0154,0.1613,0.533,0.112,16,0.150,0,0,0,0,1
219,137,107,0.4206,0.5607,0.5701,0.5701,0.3551,0.3364,0.3084,landing,-,0.00,ice,0.349,1.000,0.1952,-0.0382,0.1313,-0.0132,0.0000,0.0154,0.1746,0.561,0.103,17,0.159,0,0,0,0,1
220,137,107,0.4299,0.5514,0.5701,0.5701,0.3458,0.3271,0.2991,landing,-,0.10,ice,0.359,1.000,0.1581,-0.0382,0.1313,-0.0123,0.0381,0.0154,0.1554,0.542,0.112,16,0.150,0,0,0,0,1
221,137,107,0.4299,0.5514,0.5701,0.5701,0.3458,0.3271,0.2991,landing,-,0.20,ice,0.370,1.000,0.1154,-0.0382,0.1313,-0.0113,0.0761,0.0098,0.1236,0.477,0.131,18,0.168,0,0,0,0,1
222,137,107,0.4299,0.5421,0.5607,0.5607,0.3458,0.3271,0.2897,landing,-,0.30,ice,0.393,1.000,0.0792,-0.0382,0.1313,-0.0094,0.1142,0.0098,0.0901,0.458,0.206,15,0.140,0,0,0,0,1
223,137,107,0.4393,0.5234,0.5421,0.5421,0.3178,0.2991,0.2804,landing,-,0.40,ice,0.160,1.000,0.0209,-0.0382,0.1313,-0.0297,0.1522,0.0098,0.0363,0.346,0.327,17,0.159,0,0,0,0,1
224,137,107,0.4299,0.5140,0.5327,0.5327,0.3084,0.2897,0.2710,landing,-,0.50,ice,0.238,1.000,-0.0104,-0.0382,0.1313,-0.0230,0.1903,0.0098,0.0002,0.299,0.411,16,0.150,0,0,0,0,1
225,136,112,0.4107,0.5000,0.5179,0.5179,0.2768,0.2589,0.2411,landing,-,0.60,ice,0.250,1.000,-0.0365,-0.0262,0.1328,-0.0222,0.2250,0.0040,-0.0263,0.286,0.446,16,0.143,0,0,0,1,1
226,134,110,0.4182,0.4909,0.5091,0.5091,0.2818,0.2636,0.2455,landing,-,0.70,ice,0.250,1.000,-0.0738,-0.0261,0.1328,-0.0222,0.2624,0.0041,-0.0646,0.264,0.500,13,0.118,0,0,0,0,1
227,133,109,0.4495,0.5046,0.5138,0.5138,0.2844,0.2661,0.2385,landing,-,0.80,ice,0.308,1.000,-0.1125,-0.0303,0.1323,-0.0170,0.3016,0.0041,-0.1050,0.229,0.523,12,0.110,0,0,0,0,1
228,132,108,0.4722,0.5093,0.5185,0.5185,0.2963,0.2778,0.2407,landing,-,0.90,ice,0.074,1.000,-0.1746,-0.0329,0.1320,-0.0374,0.3404,0.0042,-0.1625,0.185,0.565,13,0.120,0,0,0,0,1
229,135,108,0.4444,0.5000,0.5185,0.5185,0.2778,0.2593,0.2315,landing,-,1.00,ice,0.127,1.000,-0.2036,-0.0329,0.1320,-0.0328,0.3782,0.0083,-0.1966,0.176,0.639,12,0.111,0,0,0,1,1
230,140,108,0.4444,0.5093,0.5185,0.5185,0.2685,0.2500,0.2222,landing,-,1.00,ice,0.159,1.000,-0.1952,-0.0329,0.1320,-0.0300,0.3782,0.0139,-0.1995,0.176,0.657,12,0.111,0,0,0,1,1
231,142,108,0.4444,0.5000,0.5185,0.5185,0.2593,0.2407,0.2222,landing,-,1.00,ice,0.225,1.000,-0.1866,-0.0329,0.1320,-0.0242,0.3782,0.0167,-0.1981,0.185,0.657,13,0.120,0,0,0,1,1
232,142,108,0.4537,0.5093,0.5278,0.5278,0.2778,0.2593,0.2407,landing,-,1.00,ice,0.244,1.000,-0.1850,-0.0329,0.1320,-0.0225,0.3782,0.0167,-0.1993,0.185,0.657,12,0.111,0,0,0,1,1
233,142,108,0.4167,0.5000,0.5278,0.5185,0.2500,0.2407,0.2407,landing,-,1.00,ice,0.261,1.000,-0.1834,-0.0329,0.1320,-0.0210,0.3782,0.0167,-0.2004,0.194,0.676,15,0.139,0,0,0,1,1
234,142,112,0.3125,0.4643,0.4821,0.4732,0.2589,0.2500,0.2411,landing,-,0.90,ice,0.261,1.000,-0.1499,-0.0364,0.1313,-0.0209,0.3412,0.0174,-0.1772,0.205,0.616,15,0.134,0,0,0,0,1
235,142,112,0.2946,0.4643,0.4821,0.4732,0.2321,0.2232,0.2143,landing,-,0.80,ice,0.004,1.000,-0.1345,-0.0364,0.1313,-0.0434,0.3033,0.0174,-0.1626,0.205,0.616,20,0.179,0,0,0,0,1
236,142,113,0.3274,0.4425,0.4602,0.4513,0.2212,0.2124,0.2035,landing,-,0.70,ice,0.059,1.000,-0.0982,-0.0372,0.1311,-0.0385,0.2656,0.0119,-0.1294,0.239,0.575,18,0.159,0,0,0,0,1
237,142,117,0.4103,0.4701,0.4957,0.4872,0.2308,0.2222,0.2222,landing,-,0.60,ice,0.075,1.000,-0.0724,-0.0468,0.1298,-0.0368,0.2301,0.0115,-0.1091,0.239,0.573,16,0.137,0,0,0,0,1
238,142,117,0.4444,0.4701,0.4957,0.4872,0.2222,0.2137,0.2137,landing,-,0.50,ice,0.135,1.000,-0.0288,-0.0468,0.1298,-0.0316,0.1918,0.0115,-0.0684,0.256,0.521,14,0.120,0,0,0,0,1
239,142,117,0.4444,0.4701,0.4957,0.4872,0.2479,0.2393,0.2393,landing,-,0.50,ice,0.154,1.000,-0.0272,-0.0468,0.1298,-0.0300,0.1918,0.0115,-0.0540,0.265,0.513,13,0.111,0,0,0,0,1
240,142,117,0.4359,0.4530,0.4786,0.4701,0.2479,0.2393,0.2393,landing,-,0.50,ice,0.168,1.000,-0.0260,-0.0468,0.1298,-0.0287,0.1918,0.0115,-0.0446,0.282,0.504,11,0.094,0,0,0,0,1
241,141,121,0.4545,0.4628,0.4793,0.4793,0.2479,0.2314,0.2314,landing,-,0.50,ice,0.194,1.000,-0.0298,-0.0511,0.1292,-0.0263,0.1928,0.0112,-0.0449,0.273,0.512,16,0.132,0,0,0,0,1
242,139,119,0.4118,0.4370,0.4454,0.4454,0.2185,0.2101,0.2101,landing,-,0.50,ice,0.249,1.000,-0.0223,-0.0491,0.1295,-0.0217,0.1923,0.0113,-0.0363,0.277,0.496,19,0.160,0,0,0,0,1
243,138,119,0.4034,0.4286,0.4370,0.4370,0.2185,0.2101,0.2101,landing,-,0.50,ice,0.031,1.000,-0.0412,-0.0491,0.1295,-0.0405,0.1923,0.0113,-0.0494,0.261,0.504,16,0.134,0,0,0,0,1
244,142,118,0.4153,0.4322,0.4407,0.4407,0.2203,0.2119,0.2119,landing,-,0.60,ice,0.116,1.000,-0.0655,-0.0490,0.1295,-0.0331,0.2307,0.0178,-0.0666,0.271,0.525,22,0.186,0,0,0,0,1
245,141,122,0.4344,0.4180,0.4344,0.4344,0.1967,0.1885,0.1885,landing,-,0.70,ice,0.154,1.000,-0.0962,-0.0447,0.1298,-0.0299,0.2674,0.0160,-0.0920,0.254,0.541,20,0.164,0,0,0,0,1
246,141,122,0.4262,0.4016,0.4180,0.4180,0.1967,0.1967,0.1967,landing,-,0.80,ice,0.191,1.000,-0.1312,-0.0447,0.1298,-0.0268,0.3056,0.0160,-0.1227,0.230,0.557,24,0.197,0,0,0,0,1
247,141,122,0.4344,0.4098,0.4262,0.4262,0.2131,0.2131,0.2131,landing,-,0.90,ice,0.191,1.000,-0.1694,-0.0447,0.1298,-0.0268,0.3438,0.0160,-0.1590,0.221,0.598,28,0.230,0,0,0,0,1
248,139,120,0.4333,0.4333,0.4500,0.4500,0.2250,0.2250,0.2250,landing,-,1.00,ice,0.191,1.000,-0.2116,-0.0472,0.1297,-0.0267,0.3836,0.0162,-0.1975,0.208,0.650,33,0.275,0,0,0,0,1
249,138,119,0.4034,0.4454,0.4622,0.4622,0.2437,0.2437,0.2353,landing,-,1.00,ice,0.218,1.000,-0.2129,-0.0473,0.1296,-0.0243,0.3835,0.0126,-0.2083,0.210,0.664,29,0.244,0,0,0,0,1
250,139,119,0.4034,0.4454,0.4538,0.4538,0.2353,0.2353,0.2353,landing,-,1.00,ice,0.228,1.000,-0.2158,-0.0473,0.1296,-0.0235,0.3835,0.0088,-0.2169,0.202,0.655,25,0.210,0,0,0,0,1
251,138,118,0.4068,0.4492,0.4576,0.4576,0.2119,0.2034,0.2034,landing,-,1.00,ice,0.238,1.000,-0.2225,-0.0505,0.1293,-0.0226,0.3851,0.0064,-0.2295,0.195,0.661,25,0.212,0,0,0,0,1
252,139,118,0.4153,0.4915,0.5000,0.5000,0.2373,0.2288,0.2203,landing,-,1.00,ice,0.238,1.000,-0.2225,-0.0505,0.1293,-0.0226,0.3851,0.0064,-0.2312,0.186,0.669,32,0.271,0,0,0,0,1
253,141,118,0.4661,0.5169,0.5254,0.5254,0.2627,0.2542,0.2458,landing,-,1.00,ice,0.251,1.000,-0.2201,-0.0505,0.1293,-0.0214,0.3851,0.0076,-0.2302,0.178,0.661,27,0.229,0,0,0,0,1
254,141,118,0.4661,0.5085,0.5169,0.5169,0.2712,0.2627,0.2542,landing,-,1.00,ice,0.251,1.000,-0.2201,-0.0505,0.1293,-0.0214,0.3851,0.0076,-0.2301,0.178,0.669,24,0.203,0,0,0,0,1
255,140,117,0.4615,0.5043,0.5128,0.5128,0.2821,0.2735,0.2735,landing,-,1.00,ice,0.251,1.000,-0.2177,-0.0489,0.1295,-0.0215,0.3845,0.0077,-0.2286,0.179,0.667,37,0.316,0,0,0,0,1
256,138,120,0.4500,0.5083,0.5083,0.5083,0.3000,0.2917,0.2833,landing,-,1.00,ice,0.251,1.000,-0.2167,-0.0474,0.1297,-0.0215,0.3838,0.0063,-0.2262,0.175,0.683,30,0.250,0,0,0,0,1
257,138,120,0.4500,0.5083,0.5083,0.5083,0.3083,0.3000,0.2917,landing,-,1.00,ice,0.251,1.000,-0.2167,-0.0474,0.1297,-0.0215,0.3838,0.0063,-0.2272,0.175,0.675,24,0.200,0,0,0,0,1
258,141,120,0.4500,0.5083,0.5083,0.5083,0.3083,0.3000,0.2917,landing,-,1.00,ice,0.251,1.000,-0.2130,-0.0474,0.1297,-0.0215,0.3838,0.0100,-0.2251,0.175,0.675,21,0.175,0,0,0,0,1
259,144,120,0.4833,0.5417,0.5417,0.5417,0.3250,0.3250,0.3250,landing,-,1.00,ice,0.251,1.000,-0.2092,-0.0474,0.1297,-0.0215,0.3838,0.0137,-0.2220,0.183,0.667,17,0.142,0,0,0,0,1
260,147,120,0.5083,0.5583,0.5667,0.5583,0.3417,0.3417,0.3417,landing,-,0.90,ice,0.262,1.000,-0.1674,-0.0474,0.1297,-0.0206,0.3454,0.0162,-0.1926,0.183,0.600,18,0.150,0,0,0,0,1
261,147,120,0.5250,0.5833,0.5917,0.5833,0.3667,0.3667,0.3667,landing,-,0.80,ice,0.297,1.000,-0.1260,-0.0474,0.1297,-0.0176,0.3070,0.0162,-0.1599,0.192,0.558,17,0.142,0,0,0,0,1
262,147,120,0.5417,0.5833,0.5917,0.5833,0.3833,0.3833,0.3833,landing,-,0.70,ice,0.024,1.000,-0.1112,-0.0474,0.1297,-0.0412,0.2687,0.0162,-0.1402,0.200,0.550,21,0.175,0,0,0,0,1
263,147,120,0.5583,0.6083,0.6167,0.6083,0.4000,0.4000,0.4000,landing,-,0.60,ice,0.054,1.000,-0.0702,-0.0474,0.1297,-0.0385,0.2303,0.0162,-0.1059,0.233,0.542,21,0.175,0,0,0,0,1
264,147,120,0.5500,0.6083,0.6167,0.6083,0.4083,0.4083,0.4083,landing,-,0.50,ice,0.096,1.000,-0.0320,-0.0474,0.1297,-0.0350,0.1919,0.0125,-0.0699,0.275,0.517,22,0.183,0,0,0,0,1
265,147,120,0.5500,0.6083,0.6167,0.6083,0.4000,0.4000,0.4000,landing,-,0.40,ice,0.150,1.000,0.0111,-0.0474,0.1297,-0.0303,0.1535,0.0125,-0.0283,0.317,0.483,19,0.158,0,0,0,0,1
266,147,120,0.5583,0.6333,0.6417,0.6333,0.4083,0.4083,0.4083,landing,-,0.30,ice,0.157,1.000,0.0501,-0.0474,0.1297,-0.0297,0.1151,0.0125,0.0103,0.367,0.400,18,0.150,0,0,0,0,1
267,147,120,0.6000,0.6333,0.6417,0.6333,0.4083,0.4083,0.4083,landing,-,0.30,ice,0.207,1.000,0.0544,-0.0474,0.1297,-0.0253,0.1151,0.0125,0.0272,0.408,0.383,19,0.158,0,0,0,0,1
268,147,120,0.6000,0.6333,0.6417,0.6333,0.4083,0.4083,0.4000,landing,-,0.30,ice,0.230,1.000,0.0564,-0.0474,0.1297,-0.0233,0.1151,0.0125,0.0358,0.400,0.367,18,0.150,0,0,0,1,1
269,147,123,0.5935,0.6260,0.6341,0.6341,0.3984,0.3902,0.3740,landing,-,0.30,ice,0.253,1.000,0.0626,-0.0447,0.1298,-0.0213,0.1146,0.0134,0.0458,0.415,0.350,14,0.114,0,0,0,1,1
270,147,128,0.5938,0.6250,0.6484,0.6484,0.3906,0.3828,0.3672,landing,-,0.40,ice,0.280,1.000,0.0249,-0.0458,0.1295,-0.0190,0.1527,0.0129,0.0197,0.359,0.375,15,0.117,0,0,0,1,1
271,147,130,0.5385,0.6231,0.6462,0.6462,0.3923,0.3846,0.3692,landing,-,0.50,ice,0.299,1.000,-0.0091,-0.0437,0.1297,-0.0174,0.1903,0.0127,-0.0072,0.315,0.408,16,0.123,0,0,0,1,1
272,147,130,0.5385,0.6231,0.6462,0.6462,0.3846,0.3769,0.3692,landing,-,0.60,ice,0.311,1.000,-0.0472,-0.0437,0.1297,-0.0163,0.2284,0.0115,-0.0415,0.292,0.446,17,0.131,0,0,0,1,1
273,147,129,0.4961,0.5969,0.6202,0.6202,0.3721,0.3643,0.3566,landing,-,0.70,ice,0.320,1.000,-0.0885,-0.0449,0.1295,-0.0156,0.2668,0.0093,-0.0824,0.225,0.504,16,0.124,0,0,0,1,1
274,149,129,0.4729,0.5891,0.5969,0.5969,0.3488,0.3411,0.3256,landing,-,0.80,ice,0.031,1.000,-0.1492,-0.0449,0.1295,-0.0405,0.3049,0.0116,-0.1362,0.186,0.550,18,0.140,0,0,0,1,1
275,152,129,0.4651,0.5814,0.5891,0.5891,0.3411,0.3333,0.3178,landing,-,0.90,ice,0.041,1.000,-0.1853,-0.0449,0.1295,-0.0396,0.3431,0.0128,-0.1742,0.171,0.597,20,0.155,0,0,0,1,1
276,152,129,0.5039,0.5736,0.5814,0.5814,0.3411,0.3333,0.3178,landing,-,1.00,ice,0.046,1.000,-0.2230,-0.0449,0.1295,-0.0391,0.3812,0.0128,-0.2134,0.155,0.674,19,0.147,0,0,0,1,1
277,152,129,0.5116,0.5814,0.5891,0.5891,0.3333,0.3256,0.3101,landing,-,1.00,ice,0.046,1.000,-0.2230,-0.0449,0.1295,-0.0391,0.3812,0.0128,-0.2267,0.147,0.690,18,0.140,0,0,0,1,1
278,152,129,0.4884,0.5814,0.5891,0.5891,0.3256,0.3178,0.3023,landing,-,1.00,ice,0.066,1.000,-0.2236,-0.0449,0.1295,-0.0375,0.3812,0.0105,-0.2336,0.147,0.690,14,0.109,0,0,0,1,1
279,152,129,0.3566,0.5736,0.5814,0.5814,0.3256,0.3178,0.3023,landing,-,1.00,ice,0.066,1.000,-0.2271,-0.0449,0.1295,-0.0375,0.3812,0.0070,-0.2389,0.140,0.698,15,0.116,0,0,0,1,1
280,152,129,0.3643,0.5581,0.5659,0.5659,0.3023,0.2946,0.2791,landing,-,1.00,ice,0.078,1.000,-0.2284,-0.0449,0.1295,-0.0364,0.3812,0.0047,-0.2435,0.140,0.705,16,0.124,0,0,0,1,1
281,152,129,0.3643,0.5581,0.5659,0.5659,0.3101,0.3023,0.2868,landing,-,1.00,ice,0.088,1.000,-0.2275,-0.0449,0.1295,-0.0355,0.3812,0.0047,-0.2429,0.140,0.698,16,0.124,0,0,0,1,1
282,152,129,0.3256,0.5581,0.5581,0.5581,0.2791,0.2713,0.2636,landing,-,1.00,ice,0.140,1.000,-0.2230,-0.0449,0.1295,-0.0311,0.3812,0.0047,-0.2401,0.140,0.698,23,0.178,0,0,0,1,1
283,152,129,0.4729,0.5426,0.5426,0.5426,0.2713,0.2636,0.2558,landing,-,1.00,ice,0.217,1.000,-0.2164,-0.0449,0.1295,-0.0245,0.3812,0.0047,-0.2358,0.147,0.698,31,0.240,0,0,0,1,1
284,152,133,0.4436,0.5263,0.5263,0.5263,0.2556,0.2481,0.2331,landing,-,1.00,ice,0.029,1.000,-0.2300,-0.0441,0.1294,-0.0407,0.3804,0.0056,-0.2443,0.135,0.707,24,0.180,0,0,0,1,1
285,152,133,0.4060,0.5188,0.5188,0.5188,0.2481,0.2481,0.2331,landing,-,1.00,ice,0.062,1.000,-0.2272,-0.0441,0.1294,-0.0378,0.3804,0.0056,-0.2404,0.135,0.699,16,0.120,0,0,0,1,1
286,149,131,0.4122,0.5267,0.5267,0.5267,0.2595,0.2595,0.2443,landing,-,1.00,ice,0.087,1.000,-0.2277,-0.0458,0.1292,-0.0356,0.3813,0.0057,-0.2423,0.145,0.695,14,0.107,0,0,0,1,1
287,152,131,0.4046,0.5267,0.5267,0.5267,0.2748,0.2748,0.2595,landing,-,1.00,ice,0.118,1.000,-0.2215,-0.0458,0.1292,-0.0329,0.3813,0.0092,-0.2365,0.145,0.679,16,0.122,0,0,0,1,1
288,157,131,0.4198,0.5267,0.5344,0.5267,0.2748,0.2672,0.2443,landing,-,1.00,ice,0.165,1.000,-0.2117,-0.0458,0.1292,-0.0288,0.3813,0.0149,-0.2288,0.153,0.664,14,0.107,0,0,0,1,1
289,157,131,0.4351,0.5191,0.5267,0.5191,0.2748,0.2672,0.2519,landing,-,1.00,ice,0.170,1.000,-0.2113,-0.0458,0.1292,-0.0284,0.3813,0.0149,-0.2271,0.153,0.664,23,0.176,0,0,0,1,1
290,157,132,0.4394,0.5227,0.5303,0.5227,0.2803,0.2727,0.2652,landing,-,0.90,ice,0.218,1.000,-0.1662,-0.0438,0.1295,-0.0243,0.3423,0.0148,-0.1926,0.174,0.606,26,0.197,0,0,0,1,1
291,157,132,0.4848,0.5530,0.5606,0.5530,0.3030,0.3030,0.2955,landing,-,0.80,ice,0.237,1.000,-0.1266,-0.0438,0.1295,-0.0227,0.3043,0.0148,-0.1633,0.197,0.576,29,0.220,0,0,0,1,1
292,157,133,0.5038,0.5714,0.5789,0.5714,0.3233,0.3233,0.3233,landing,-,0.70,ice,0.266,1.000,-0.0857,-0.0435,0.1295,-0.0202,0.2662,0.0147,-0.1263,0.226,0.571,20,0.150,0,0,0,1,1
293,157,135,0.5259,0.5704,0.5778,0.5704,0.3481,0.3481,0.3481,landing,-,0.60,ice,0.004,1.000,-0.0774,-0.0478,0.1289,-0.0427,0.2292,0.0133,-0.1136,0.222,0.556,21,0.156,0,0,0,1,1
294,157,135,0.5185,0.5630,0.5704,0.5630,0.3481,0.3481,0.3481,landing,-,0.50,ice,0.058,1.000,-0.0368,-0.0478,0.1289,-0.0380,0.1910,0.0111,-0.0763,0.259,0.526,14,0.104,0,0,0,1,1
295,157,135,0.5037,0.5481,0.5556,0.5481,0.3481,0.3481,0.3481,landing,-,0.50,ice,0.094,1.000,-0.0358,-0.0478,0.1289,-0.0349,0.1910,0.0089,-0.0644,0.267,0.489,13,0.096,0,0,0,1,1
296,157,135,0.5259,0.5704,0.5778,0.5704,0.3704,0.3704,0.3704,landing,-,0.50,ice,0.182,1.000,-0.0283,-0.0478,0.1289,-0.0273,0.1910,0.0089,-0.0529,0.281,0.459,14,0.104,0,0,0,1,1
297,157,135,0.5111,0.5778,0.5852,0.5778,0.3778,0.3778,0.3778,landing,-,0.50,ice,0.225,1.000,-0.0246,-0.0478,0.1289,-0.0236,0.1910,0.0089,-0.0455,0.281,0.452,15,0.111,0,0,0,1,1
298,157,138,0.5145,0.5870,0.5942,0.5870,0.3696,0.3696,0.3696,landing,-,0.50,ice,0.044,1.000,-0.0395,-0.0471,0.1289,-0.0392,0.1908,0.0087,-0.0530,0.275,0.464,19,0.138,0,0,0,1,1
299,157,141,0.5461,0.6312,0.6383,0.6312,0.3830,0.3830,0.3830,landing,-,0.50,ice,0.095,1.000,-0.0354,-0.0472,0.1288,-0.0348,0.1907,0.0085,-0.0515,0.270,0.447,17,0.121,0,0,0,1,1
300,157,144,0.5486,0.6319,0.6389,0.6319,0.3958,0.3958,0.3958,landing,-,0.60,ice,0.145,1.000,-0.0775,-0.0531,0.1282,-0.0303,0.2306,0.0083,-0.0817,0.222,0.486,18,0.125,0,0,0,1,1
