E7	42	colony.consumption.ice_stage_mult={"baby":0.3,"toddler":0.5,"child":0.75,"teen":1.0,"adult":1.0} --param buildings.reonline.load_fraction=1.0
E7	7	colony.consumption.ice_stage_mult={"baby":0.3,"toddler":0.5,"child":0.75,"teen":1.0,"adult":1.0} --param buildings.reonline.load_fraction=1.0
E7	99	colony.consumption.ice_stage_mult={"baby":0.3,"toddler":0.5,"child":0.75,"teen":1.0,"adult":1.0} --param buildings.reonline.load_fraction=1.0
E7	1234	colony.consumption.ice_stage_mult={"baby":0.3,"toddler":0.5,"child":0.75,"teen":1.0,"adult":1.0} --param buildings.reonline.load_fraction=1.0
E7	2026	colony.consumption.ice_stage_mult={"baby":0.3,"toddler":0.5,"child":0.75,"teen":1.0,"adult":1.0} --param buildings.reonline.load_fraction=1.0
E8	42	colony.consumption.ice_stage_mult={"baby":0.3,"toddler":0.5,"child":0.75,"teen":1.0,"adult":1.0} --param buildings.reonline.load_fraction=1.0 --param resources.throughput.commute_pause=false
E8	7	colony.consumption.ice_stage_mult={"baby":0.3,"toddler":0.5,"child":0.75,"teen":1.0,"adult":1.0} --param buildings.reonline.load_fraction=1.0 --param resources.throughput.commute_pause=false
E8	99	colony.consumption.ice_stage_mult={"baby":0.3,"toddler":0.5,"child":0.75,"teen":1.0,"adult":1.0} --param buildings.reonline.load_fraction=1.0 --param resources.throughput.commute_pause=false
E8	1234	colony.consumption.ice_stage_mult={"baby":0.3,"toddler":0.5,"child":0.75,"teen":1.0,"adult":1.0} --param buildings.reonline.load_fraction=1.0 --param resources.throughput.commute_pause=false
E8	2026	colony.consumption.ice_stage_mult={"baby":0.3,"toddler":0.5,"child":0.75,"teen":1.0,"adult":1.0} --param buildings.reonline.load_fraction=1.0 --param resources.throughput.commute_pause=false
