sol,age,pop,births,deaths,pairs,friend_pairs,close_pairs,web,second,lonely,friends_mean,lines,grief,lines_cum,capped_cum,dropped_cum,stale_cum,pending,formed_cum,close_cum,log_size
1,L,7,0,0,21,21,0,1.0000,0.0000,0.0000,6.0000,0,0,0,0,0,0,0,0,0,3
2,L,7,0,0,21,21,0,1.0000,0.0000,0.0000,6.0000,0,0,0,0,0,0,0,0,0,4
3,L,7,0,0,21,21,0,1.0000,0.0000,0.0000,6.0000,0,0,0,0,0,0,0,0,0,5
4,L,7,0,0,21,21,0,1.0000,0.0000,0.0000,6.0000,0,0,0,0,0,0,0,0,0,6
5,L,7,0,0,21,21,0,1.0000,0.0000,0.0000,6.0000,0,0,0,0,0,0,0,0,0,8
6,L,7,0,0,21,21,0,1.0000,0.0000,0.0000,6.0000,0,0,0,0,0,0,0,0,0,9
7,L,7,0,0,21,21,0,1.0000,0.0000,0.0000,6.0000,0,0,0,0,0,0,0,0,0,10
8,L,7,0,0,21,21,0,1.0000,0.0000,0.0000,6.0000,0,0,0,0,0,0,0,0,0,11
9,L,7,0,0,21,21,0,1.0000,0.0000,0.0000,6.0000,0,0,0,0,0,0,0,0,0,12
10,L,7,0,0,21,21,0,1.0000,0.0000,0.0000,6.0000,0,0,0,0,0,0,0,0,0,13
11,L,7,0,0,21,21,0,1.0000,0.0000,0.0000,6.0000,0,0,0,0,0,0,0,0,0,14
12,L,7,0,0,21,21,0,1.0000,0.0000,0.0000,6.0000,0,0,0,0,0,0,0,0,0,15
13,L,7,0,0,21,21,0,1.0000,0.0000,0.0000,6.0000,0,0,0,0,0,0,0,0,0,17
14,L,7,0,0,21,21,0,1.0000,0.0000,0.0000,6.0000,0,0,0,0,0,0,0,0,0,18
15,L,7,0,0,21,21,0,1.0000,0.0000,0.0000,6.0000,0,0,0,0,0,0,0,0,0,20
16,L,7,0,0,21,21,0,1.0000,0.0000,0.0000,6.0000,0,0,0,0,0,0,0,0,0,20
17,L,7,0,0,21,21,0,1.0000,0.0000,0.0000,6.0000,0,0,0,0,0,0,0,0,0,20
18,L,7,0,0,21,21,1,1.0000,0.0000,0.0000,6.0000,1,0,1,0,0,0,0,0,1,21
19,L,7,0,0,21,21,1,1.0000,0.0000,0.0000,6.0000,0,0,1,0,0,0,0,0,1,21
20,L,7,0,0,21,21,1,1.0000,0.0000,0.0000,6.0000,0,0,1,0,0,0,0,0,1,22
21,L,7,0,0,21,21,1,1.0000,0.0000,0.0000,6.0000,0,0,1,0,0,0,0,0,1,24
22,L,7,0,0,21,21,1,1.0000,0.0000,0.0000,6.0000,0,0,1,0,0,0,0,0,1,25
23,L,9,2,0,29,23,1,1.0000,0.0000,0.0000,5.1111,0,0,1,0,0,0,0,0,1,28
24,L,9,2,0,30,23,2,1.0000,0.0000,0.0000,5.1111,0,0,1,0,0,0,0,0,2,29
25,L,10,3,0,40,24,2,1.0000,0.0000,0.0000,4.8000,0,0,1,0,0,0,0,0,2,30
26,L,11,4,0,49,25,3,1.0000,0.0000,0.0000,4.5455,0,0,1,0,0,0,0,0,3,31
27,L,12,5,0,56,26,3,1.0000,0.0000,0.0000,4.3333,0,0,1,0,0,0,0,0,3,32
28,L,12,5,0,62,26,3,1.0000,0.0000,0.0000,4.3333,0,0,1,0,0,0,0,0,3,33
29,L,12,5,0,59,26,3,1.0000,0.0000,0.0000,4.3333,0,0,1,0,0,0,0,0,3,34
30,L,12,5,0,59,26,3,1.0000,0.0000,0.0000,4.3333,0,0,1,0,0,0,0,0,3,34
31,L,12,5,0,57,26,3,1.0000,0.0000,0.0000,4.3333,0,0,1,0,0,0,0,0,3,34
32,L,12,5,0,57,26,3,1.0000,0.0000,0.0000,4.3333,0,0,1,0,0,0,0,0,3,34
33,L,12,5,0,56,26,3,1.0000,0.0000,0.0000,4.3333,0,0,1,0,0,0,0,0,3,35
34,L,12,5,0,60,26,3,1.0000,0.0000,0.0000,4.3333,0,0,1,0,0,0,0,0,3,35
35,L,12,5,0,62,26,3,1.0000,0.0000,0.0000,4.3333,0,0,1,0,0,0,0,0,3,37
36,L,12,5,0,61,25,3,1.0000,0.0000,0.0000,4.1667,1,0,2,0,0,0,0,0,3,40
37,L,12,5,0,59,24,3,1.0000,0.0000,0.0000,4.0000,0,0,2,0,0,0,0,0,3,40
38,L,12,5,0,59,24,3,1.0000,0.0000,0.0000,4.0000,0,0,2,0,0,0,0,0,3,41
39,L,12,5,0,54,24,3,1.0000,0.0000,0.0000,4.0000,0,0,2,0,0,0,0,0,3,43
40,L,12,5,0,59,24,3,1.0000,0.0000,0.0000,4.0000,0,0,2,0,0,0,0,0,3,44
41,L,12,5,0,56,24,3,1.0000,0.0000,0.0000,4.0000,0,0,2,0,0,0,0,0,3,46
42,L,12,5,0,53,23,3,1.0000,0.0000,0.0000,3.8333,1,0,3,0,0,0,0,0,3,48
43,L,12,5,0,53,23,3,1.0000,0.0000,0.0000,3.8333,0,0,3,0,0,0,0,0,3,50
44,L,12,5,0,52,23,3,1.0000,0.0000,0.0000,3.8333,0,0,3,0,0,0,0,0,3,51
45,L,12,5,0,53,23,3,1.0000,0.0000,0.0000,3.8333,0,0,3,0,0,0,0,0,3,52
46,L,12,5,0,54,22,3,1.0000,0.0000,0.0000,3.6667,0,0,3,0,0,0,0,0,3,53
47,L,12,5,0,55,22,3,1.0000,0.0000,0.0000,3.6667,0,0,3,0,0,0,0,0,3,54
48,L,12,5,0,55,22,3,1.0000,0.0000,0.0000,3.6667,0,0,3,0,0,0,0,0,3,56
49,L,14,7,0,58,22,4,1.0000,0.0000,0.0000,3.1429,1,0,4,0,0,0,0,0,4,59
50,L,15,8,0,67,22,4,1.0000,0.0000,0.0000,2.9333,0,0,4,0,0,0,0,0,4,61
51,L,15,8,0,75,22,4,1.0000,0.0000,0.0000,2.9333,0,0,4,0,0,0,0,0,4,63
52,L,17,10,0,92,24,4,0.9412,0.0000,0.0588,2.8235,1,0,5,0,0,0,0,1,4,67
53,L,17,10,0,103,28,4,0.9412,0.0000,0.0588,3.2941,2,0,7,0,0,0,0,5,4,69
54,L,17,10,0,111,29,4,0.9412,0.0000,0.0588,3.4118,1,0,8,0,0,0,0,6,4,72
55,L,18,11,0,115,31,4,0.9444,0.0000,0.0556,3.4444,1,0,9,0,0,0,0,7,4,76
56,L,20,13,0,126,34,4,0.9500,0.0000,0.0500,3.4000,0,0,9,0,0,0,0,8,4,80
57,L,21,14,0,126,35,4,0.9048,0.0952,0.0000,3.3333,0,0,9,0,0,0,0,8,4,83
58,L,22,15,0,130,36,4,0.9091,0.0909,0.0000,3.2727,0,0,9,0,0,0,0,8,4,85
59,L,22,15,0,133,38,4,1.0000,0.0000,0.0000,3.4545,1,0,10,0,0,0,0,10,4,90
60,L,22,15,0,132,38,4,1.0000,0.0000,0.0000,3.4545,0,0,10,0,0,0,0,10,4,91
61,L,22,15,0,130,38,4,1.0000,0.0000,0.0000,3.4545,0,0,10,0,0,0,0,10,4,92
62,L,22,15,0,132,38,4,1.0000,0.0000,0.0000,3.4545,0,0,10,0,0,0,0,10,4,94
63,L,22,15,0,134,38,4,1.0000,0.0000,0.0000,3.4545,0,0,10,0,0,0,0,10,4,94
64,L,22,15,0,125,39,4,1.0000,0.0000,0.0000,3.5455,1,0,11,0,0,0,0,11,4,95
65,L,22,15,0,133,39,4,1.0000,0.0000,0.0000,3.5455,0,0,11,0,0,0,0,11,4,96
66,S,22,15,0,136,39,4,1.0000,0.0000,0.0000,3.5455,0,0,11,0,0,0,0,11,4,97
67,S,22,15,0,142,38,4,1.0000,0.0000,0.0000,3.4545,0,0,11,0,0,0,0,11,4,97
68,S,22,15,0,143,37,4,0.9545,0.0000,0.0455,3.3636,0,0,11,0,0,0,0,11,4,97
69,S,22,15,0,150,37,4,0.9091,0.0000,0.0909,3.3636,1,0,12,0,0,0,0,12,4,98
70,S,22,15,0,155,36,4,0.9091,0.0000,0.0909,3.2727,0,0,12,0,0,0,0,12,4,101
71,S,22,15,0,156,35,4,0.9091,0.0000,0.0909,3.1818,0,0,12,0,0,0,0,12,4,101
72,S,22,15,0,150,34,4,0.8182,0.0909,0.0909,3.0909,0,0,12,0,0,0,0,12,4,102
73,S,22,15,0,148,33,5,0.8182,0.0909,0.0909,3.0000,0,0,12,0,0,0,0,12,5,103
74,S,22,15,0,153,33,5,0.8182,0.0909,0.0909,3.0000,0,0,12,0,0,0,0,12,5,104
75,S,22,15,0,145,33,5,0.8182,0.0909,0.0909,3.0000,0,0,12,0,0,0,0,12,5,105
76,S,22,15,0,142,33,5,0.8182,0.0909,0.0909,3.0000,0,0,12,0,0,0,0,12,5,106
77,S,22,15,0,145,34,5,0.8182,0.0909,0.0909,3.0909,0,0,12,0,0,0,0,13,5,107
78,S,22,15,0,141,34,5,0.8182,0.0909,0.0909,3.0909,0,0,12,0,0,0,0,13,5,109
79,S,22,15,0,130,33,5,0.8182,0.0000,0.1818,3.0000,0,0,12,0,0,0,0,13,5,109
80,S,22,15,0,137,29,5,0.7273,0.0000,0.2727,2.6364,0,0,12,0,0,0,0,13,5,111
81,S,23,16,0,145,30,5,0.7391,0.0000,0.2609,2.6087,0,0,12,0,0,0,0,13,5,113
82,S,26,19,0,150,33,5,0.7692,0.0000,0.2308,2.5385,0,0,12,0,0,0,0,13,5,116
83,S,27,20,0,164,34,5,0.7778,0.0000,0.2222,2.5185,0,0,12,0,0,0,0,13,5,118
84,S,27,20,0,162,34,5,0.7778,0.0000,0.2222,2.5185,1,0,13,0,0,0,0,14,5,120
85,S,27,20,0,163,34,5,0.7778,0.0000,0.2222,2.5185,0,0,13,0,0,0,0,14,5,122
86,S,27,20,0,168,34,5,0.7778,0.0000,0.2222,2.5185,0,0,13,0,0,0,0,14,5,123
87,S,27,20,0,179,34,5,0.7778,0.0000,0.2222,2.5185,0,0,13,0,0,0,0,14,5,125
88,S,29,22,0,189,36,5,0.7931,0.0000,0.2069,2.4828,0,0,13,0,0,0,0,14,5,128
89,S,31,24,0,192,38,5,0.8065,0.0000,0.1935,2.4516,0,0,13,0,0,0,0,14,5,131
90,S,31,24,0,197,36,5,0.8065,0.0000,0.1935,2.3226,0,0,13,0,0,0,0,14,5,133
91,S,32,25,0,202,38,5,0.8125,0.0000,0.1875,2.3750,1,0,14,0,0,0,0,15,5,135
92,S,32,25,0,225,38,5,0.8125,0.0000,0.1875,2.3750,0,0,14,0,0,0,0,15,5,136
93,S,32,25,0,237,37,5,0.7188,0.0938,0.1875,2.3125,0,0,14,0,0,0,0,15,5,138
94,S,32,25,0,234,37,5,0.7188,0.0938,0.1875,2.3125,0,0,14,0,0,0,0,15,5,140
95,S,32,25,0,263,37,5,0.7188,0.0938,0.1875,2.3125,0,0,14,0,0,0,0,15,5,141
96,S,32,25,0,263,37,5,0.6875,0.0938,0.2188,2.3125,1,0,15,0,0,0,0,16,5,144
97,S,36,29,0,273,41,5,0.6944,0.1111,0.1944,2.2778,0,0,15,0,0,0,0,16,5,150
98,S,37,30,0,303,43,5,0.7027,0.1081,0.1892,2.3243,1,0,16,0,0,0,0,17,5,153
99,S,37,30,0,328,43,5,0.7027,0.1081,0.1892,2.3243,0,0,16,0,0,0,0,17,5,153
100,S,37,30,0,335,43,5,0.8108,0.0000,0.1892,2.3243,0,0,16,0,0,0,0,18,5,153
101,S,37,30,0,312,45,5,0.8108,0.0000,0.1892,2.4324,1,0,17,0,0,0,0,20,5,155
102,S,37,30,0,329,45,5,0.8108,0.0000,0.1892,2.4324,0,0,17,0,0,0,0,21,5,158
103,S,37,30,0,324,47,5,0.8108,0.0000,0.1892,2.5405,2,0,19,0,0,0,0,23,5,162
104,S,37,30,0,371,48,5,0.8108,0.0000,0.1892,2.5946,0,0,19,0,0,0,0,24,5,163
105,S,37,30,0,381,48,5,0.8108,0.0000,0.1892,2.5946,0,0,19,0,0,0,0,24,5,166
106,S,37,30,0,390,49,5,0.8108,0.0000,0.1892,2.6486,0,0,19,0,0,0,0,26,5,169
107,S,37,30,0,388,51,5,0.8108,0.0000,0.1892,2.7568,0,0,19,0,0,0,0,28,5,173
108,S,37,30,0,382,52,5,0.8108,0.0000,0.1892,2.8108,1,0,20,0,0,0,0,30,5,177
109,S,42,35,0,427,57,5,0.8095,0.0476,0.1429,2.7143,0,0,20,0,0,0,0,30,5,184
110,S,42,35,0,424,60,5,0.7857,0.0476,0.1667,2.8571,2,0,22,0,0,0,0,34,5,187
111,S,42,35,0,401,60,5,0.7857,0.0476,0.1667,2.8571,0,0,22,0,0,0,0,34,5,188
112,S,42,35,0,394,60,5,0.7857,0.0476,0.1667,2.8571,0,0,22,0,0,0,0,34,5,191
113,S,42,35,0,389,60,5,0.7857,0.0476,0.1667,2.8571,0,0,22,0,0,0,0,36,5,195
114,S,42,35,0,398,61,5,0.7857,0.0476,0.1667,2.9048,0,0,22,0,0,0,0,37,5,195
115,S,42,35,0,404,62,5,0.8333,0.0000,0.1667,2.9524,1,0,23,0,0,0,0,39,5,197
116,S,42,35,0,406,64,5,0.8571,0.0000,0.1429,3.0476,2,0,25,0,0,0,0,41,5,199
117,S,42,35,0,408,63,5,0.8571,0.0000,0.1429,3.0000,0,0,25,0,0,0,0,41,5,199
118,S,42,35,0,381,64,5,0.8571,0.0000,0.1429,3.0476,1,0,26,0,0,0,0,42,5,201
119,S,42,35,0,389,66,5,0.8810,0.0000,0.1190,3.1429,1,0,27,0,0,0,0,44,5,204
120,S,42,35,0,392,67,5,0.8810,0.0000,0.1190,3.1905,0,0,27,0,0,0,0,44,5,208
121,S,42,35,0,377,69,5,0.8810,0.0000,0.1190,3.2857,0,0,27,0,0,0,0,46,5,210
122,S,42,35,0,380,69,5,0.8810,0.0000,0.1190,3.2857,1,0,28,0,0,0,0,48,5,213
123,S,42,35,0,374,68,5,0.8571,0.0000,0.1429,3.2381,0,0,28,0,0,0,0,51,5,214
124,S,42,35,0,372,69,5,0.8571,0.0000,0.1429,3.2857,1,0,29,0,0,0,0,53,5,216
125,S,42,35,0,380,71,5,0.8810,0.0000,0.1190,3.3810,1,0,30,0,0,0,0,56,5,219
126,S,42,35,0,378,71,5,0.8810,0.0000,0.1190,3.3810,0,0,30,0,0,0,0,58,5,220
127,S,42,35,0,372,70,6,0.8810,0.0000,0.1190,3.3333,0,0,30,0,0,0,0,58,6,220
128,S,42,35,0,397,71,6,0.8810,0.0000,0.1190,3.3810,0,0,30,0,0,0,0,59,6,221
129,S,42,35,0,399,72,6,0.8571,0.0000,0.1429,3.4286,0,0,30,0,0,0,0,61,6,222
130,S,46,39,0,435,76,6,0.8478,0.0000,0.1522,3.3043,0,0,30,0,0,0,0,62,6,227
131,S,47,40,0,486,75,6,0.8511,0.0000,0.1489,3.1915,0,0,30,0,0,0,0,62,6,228
132,S,47,40,0,492,75,6,0.8511,0.0000,0.1489,3.1915,0,0,30,0,0,0,0,63,6,230
133,S,47,40,0,486,73,6,0.8085,0.0426,0.1489,3.1064,0,0,30,0,0,0,0,63,6,231
134,S,47,40,0,500,72,6,0.7872,0.0426,0.1702,3.0638,0,0,30,0,0,0,0,65,6,232
135,S,47,40,0,489,69,6,0.7660,0.0426,0.1915,2.9362,0,0,30,0,0,0,0,65,6,235
136,S,47,40,0,482,67,6,0.7660,0.0426,0.1915,2.8511,0,0,30,0,0,0,0,65,6,237
137,S,47,40,0,459,64,6,0.7660,0.0426,0.1915,2.7234,0,0,30,0,0,0,0,65,6,243
138,S,52,45,0,492,68,6,0.7115,0.0577,0.1538,2.6154,0,0,30,0,0,0,0,65,6,252
139,S,52,45,0,495,68,6,0.7115,0.0577,0.1538,2.6154,0,0,30,0,0,0,0,65,6,253
140,S,52,45,0,519,66,6,0.7115,0.0577,0.1538,2.5385,0,0,30,0,0,0,0,65,6,255
141,S,52,45,0,527,65,6,0.7115,0.0577,0.1538,2.5000,0,0,30,0,0,0,0,66,6,256
142,S,52,45,0,519,64,6,0.7115,0.0385,0.1731,2.4615,0,0,30,0,0,0,0,67,6,258
143,S,52,45,0,524,60,6,0.6923,0.0385,0.1923,2.3077,0,0,30,0,0,0,0,67,6,259
144,S,52,45,0,530,59,6,0.6923,0.0385,0.1923,2.2692,0,0,30,0,0,0,0,67,6,260
145,S,52,45,0,541,56,6,0.6731,0.0385,0.2115,2.1538,0,0,30,0,0,0,0,67,6,263
146,S,52,45,0,563,55,6,0.6731,0.0385,0.2115,2.1154,1,0,31,0,0,0,0,68,6,266
147,S,52,45,0,543,56,7,0.6731,0.0385,0.2115,2.1538,1,0,32,0,0,0,0,70,7,267
148,S,52,45,0,536,57,7,0.6731,0.0385,0.2500,2.1923,0,0,32,0,0,0,0,72,7,270
149,S,52,45,0,540,60,7,0.7115,0.0385,0.2500,2.3077,1,0,33,0,0,0,0,76,7,273
150,S,52,45,0,557,58,7,0.7115,0.0385,0.2500,2.2308,0,0,33,0,0,0,0,77,7,274
151,S,52,45,0,552,59,7,0.7115,0.0385,0.2500,2.2692,1,0,34,0,0,0,0,78,7,275
152,S,52,45,0,556,62,7,0.7115,0.0385,0.2500,2.3846,0,0,34,0,0,0,0,81,7,276
153,S,52,45,0,556,61,7,0.6923,0.0385,0.2692,2.3462,0,0,34,0,0,0,0,82,7,278
154,S,52,45,0,558,63,7,0.6923,0.0385,0.2692,2.4231,0,0,34,0,0,0,0,84,7,280
155,S,52,45,0,559,63,7,0.6731,0.0385,0.2885,2.4231,1,0,35,0,0,0,0,85,7,283
156,S,52,45,0,531,63,7,0.6731,0.0385,0.2885,2.4231,1,0,36,0,0,0,0,86,7,285
157,S,52,45,0,551,61,7,0.6731,0.0385,0.2885,2.3462,0,0,36,0,0,0,0,86,7,286
158,S,52,45,0,554,64,7,0.6923,0.0385,0.2692,2.4615,0,0,36,0,0,0,0,88,7,287
159,S,52,45,0,564,67,7,0.7308,0.0000,0.2692,2.5769,2,0,38,0,0,0,0,92,7,294
160,S,52,45,0,583,68,7,0.7308,0.0000,0.2692,2.6154,0,0,38,0,0,0,0,94,7,295
161,S,52,45,0,575,68,7,0.7308,0.0000,0.2692,2.6154,0,0,38,0,0,0,0,94,7,296
162,S,52,45,0,575,67,7,0.7308,0.0000,0.2692,2.5769,0,0,38,0,0,0,0,94,7,298
163,S,52,45,0,554,66,7,0.7115,0.0000,0.2885,2.5385,0,0,38,0,0,0,0,95,7,300
164,S,56,49,0,559,70,7,0.6607,0.0357,0.1964,2.5000,1,0,39,0,0,0,0,96,7,305
165,S,57,50,0,593,71,7,0.6667,0.0351,0.1930,2.4912,0,0,39,0,0,0,0,96,7,306
166,S,57,50,0,599,69,7,0.6667,0.0351,0.1930,2.4211,0,0,39,0,0,0,0,96,7,307
167,S,57,50,0,624,70,7,0.7018,0.0351,0.1930,2.4561,1,0,40,0,0,0,0,99,7,310
168,S,57,50,0,602,69,7,0.7018,0.0351,0.1930,2.4211,0,0,40,0,0,0,0,99,7,313
169,S,57,50,0,613,70,7,0.7368,0.0351,0.1930,2.4561,0,0,40,0,0,0,0,100,7,315
170,S,57,50,0,630,68,7,0.7368,0.0351,0.1930,2.3860,0,0,40,0,0,0,0,101,7,316
171,S,57,50,0,658,72,7,0.8070,0.0351,0.1579,2.5263,2,0,42,0,0,0,0,105,7,319
172,S,57,50,0,706,76,7,0.7895,0.0351,0.1754,2.6667,0,0,42,0,0,0,0,110,7,319
173,S,57,50,0,725,81,7,0.7895,0.0351,0.1754,2.8421,0,0,42,0,0,0,0,115,7,319
174,S,57,50,0,764,80,8,0.7895,0.0351,0.1754,2.8070,0,0,42,0,0,0,0,115,8,320
175,S,57,50,0,820,79,8,0.8070,0.0351,0.1579,2.7719,0,0,42,0,0,0,0,117,8,320
176,S,57,50,0,905,84,8,0.8246,0.0000,0.1754,2.9474,1,0,43,0,0,0,0,123,8,324
177,S,57,50,0,963,89,8,0.8421,0.0000,0.1579,3.1228,2,0,45,0,0,0,0,130,8,326
178,S,57,50,0,1041,90,8,0.7895,0.0526,0.1579,3.1579,0,0,45,0,0,0,0,133,8,326
179,S,57,50,0,1059,96,8,0.8596,0.0000,0.1404,3.3684,1,0,46,0,0,0,0,139,8,328
180,S,57,50,0,1038,97,8,0.8596,0.0000,0.1404,3.4035,0,0,46,0,0,0,0,140,8,329
181,S,57,50,0,1055,100,8,0.8596,0.0000,0.1404,3.5088,2,0,48,0,0,0,0,144,8,332
182,S,57,50,0,1048,104,8,0.8421,0.0000,0.1579,3.6491,0,0,48,0,0,0,0,150,8,334
183,S,57,50,0,998,106,8,0.8421,0.0000,0.1579,3.7193,0,0,48,0,0,0,0,151,8,334
184,S,60,53,0,973,107,8,0.8333,0.0000,0.1667,3.5667,0,0,48,0,0,0,0,151,8,339
185,S,62,55,0,986,111,8,0.8226,0.0323,0.1452,3.5806,0,0,48,0,0,0,0,153,8,343
186,S,62,55,0,1006,113,8,0.8226,0.0323,0.1452,3.6452,0,0,48,0,0,0,0,155,8,344
187,S,62,55,0,1031,120,9,0.8226,0.0323,0.1452,3.8710,1,0,49,0,0,0,0,162,9,346
188,S,62,55,0,1056,122,9,0.8226,0.0323,0.1452,3.9355,0,0,49,0,0,0,0,164,9,347
189,S,62,55,0,1041,123,9,0.8226,0.0323,0.1452,3.9677,0,0,49,0,0,0,0,166,9,348
190,S,62,55,0,1063,124,9,0.8226,0.0323,0.1452,4.0000,0,0,49,0,0,0,0,169,9,351
191,S,63,56,0,1047,123,10,0.8095,0.0476,0.1429,3.9048,0,0,49,0,0,0,0,169,10,354
192,S,67,60,0,1042,130,10,0.8209,0.0448,0.1343,3.8806,0,0,49,0,0,0,0,174,10,361
193,S,67,60,0,1179,132,10,0.8657,0.0000,0.1343,3.9403,1,0,50,0,0,0,0,177,10,365
194,S,67,60,0,1289,137,10,0.8806,0.0000,0.1194,4.0896,2,0,52,0,0,0,0,182,10,369
195,S,67,60,0,1264,138,10,0.8806,0.0000,0.1194,4.1194,0,0,52,0,0,0,0,183,10,370
196,S,67,60,0,1245,138,10,0.8657,0.0000,0.1343,4.1194,0,0,52,0,0,0,0,185,10,372
197,S,67,60,0,1181,136,10,0.8507,0.0000,0.1493,4.0597,0,0,52,0,0,0,0,188,10,372
198,S,67,60,0,1118,137,10,0.8507,0.0000,0.1493,4.0896,0,0,52,0,0,0,0,190,10,376
199,S,72,65,0,1110,141,10,0.8472,0.0278,0.1250,3.9167,0,0,52,0,0,0,0,190,10,384
200,S,72,65,0,1099,146,10,0.8472,0.0278,0.1250,4.0556,0,0,52,0,0,0,0,197,10,385
201,S,72,65,0,1097,149,10,0.8333,0.0278,0.1389,4.1389,1,0,53,0,0,0,0,202,10,387
202,S,72,65,0,1084,152,10,0.8333,0.0278,0.1389,4.2222,1,0,54,0,0,0,0,205,10,389
203,S,72,65,0,1069,145,10,0.8333,0.0278,0.1389,4.0278,0,0,54,0,0,0,0,205,10,391
204,S,75,68,0,1077,150,10,0.8133,0.0267,0.1333,4.0000,0,0,54,0,0,0,0,210,10,399
205,S,77,70,0,1142,149,10,0.7922,0.0260,0.1299,3.8701,1,0,55,0,0,0,0,211,10,405
206,S,77,70,0,1132,151,10,0.7922,0.0260,0.1299,3.9221,1,0,56,0,0,0,0,217,10,410
207,S,77,70,0,1152,154,10,0.7792,0.0260,0.1429,4.0000,0,0,56,0,0,0,0,221,10,412
208,S,77,70,0,1198,155,10,0.7792,0.0260,0.1429,4.0260,1,0,57,0,0,0,0,224,10,415
209,S,77,70,0,1321,154,10,0.7532,0.0260,0.1688,4.0000,0,0,57,0,0,0,0,226,10,416
210,S,77,70,0,1364,158,11,0.7532,0.0260,0.1688,4.1039,3,0,60,0,0,0,0,232,11,425
211,S,77,70,0,1440,161,12,0.7532,0.0260,0.1688,4.1818,0,0,60,0,0,0,0,235,12,429
212,S,77,70,0,1500,161,12,0.7403,0.0260,0.1818,4.1818,0,0,60,0,0,0,0,236,12,432
213,S,77,70,0,1460,163,12,0.7403,0.0260,0.1818,4.2338,0,0,60,0,0,0,0,238,12,433
214,S,77,70,0,1415,163,12,0.7403,0.0260,0.1818,4.2338,0,0,60,0,0,0,0,239,12,435
215,S,77,70,0,1335,163,12,0.7273,0.0260,0.1948,4.2338,0,0,60,0,0,0,0,240,12,436
216,S,77,70,0,1260,159,12,0.7143,0.0260,0.2078,4.1299,0,0,60,0,0,0,0,241,12,436
217,S,80,73,0,1249,161,12,0.7000,0.0250,0.2000,4.0250,0,0,60,0,0,0,0,242,12,442
218,S,82,75,0,1209,162,12,0.7073,0.0244,0.1951,3.9512,1,0,61,0,0,0,0,243,12,447
219,S,82,75,0,1191,157,12,0.6951,0.0244,0.2073,3.8293,0,0,61,0,0,0,0,243,12,450
220,S,82,75,0,1183,155,12,0.6829,0.0244,0.2195,3.7805,0,0,61,0,0,0,0,245,12,452
221,S,82,75,0,1211,152,12,0.6829,0.0244,0.2195,3.7073,0,0,61,0,0,0,0,246,12,456
222,S,86,79,0,1261,155,12,0.6860,0.0233,0.1977,3.6047,0,0,61,0,0,0,0,247,12,466
223,S,87,80,0,1295,156,12,0.7011,0.0230,0.1839,3.5862,1,0,62,0,0,0,0,250,12,471
224,S,90,83,0,1355,162,12,0.7111,0.0333,0.1667,3.6000,0,0,62,0,0,0,0,253,12,477
225,S,92,85,0,1415,164,12,0.7065,0.0435,0.1630,3.5652,0,0,62,0,0,0,0,257,12,483
226,S,97,90,0,1493,173,12,0.7320,0.0309,0.1340,3.5670,2,0,64,0,0,0,0,264,12,491
227,S,97,90,0,1597,172,12,0.7320,0.0309,0.1340,3.5464,0,0,64,0,0,0,0,266,12,495
228,S,97,90,0,1790,177,12,0.7526,0.0412,0.1340,3.6495,2,0,66,0,0,0,0,273,12,500
229,S,97,90,0,1883,178,12,0.7526,0.0412,0.1340,3.6701,1,0,67,0,0,0,0,277,12,500
230,S,97,90,0,2024,179,12,0.7320,0.0309,0.1546,3.6907,3,0,70,0,0,0,0,284,12,500
231,S,97,90,0,2087,185,12,0.7320,0.0309,0.1443,3.8144,3,0,73,0,0,0,0,291,12,500
232,S,97,90,0,2064,187,12,0.7423,0.0309,0.1340,3.8557,0,0,73,0,0,0,0,296,12,500
233,S,97,90,0,2058,187,12,0.7629,0.0309,0.1340,3.8557,2,0,75,0,0,0,0,299,12,500
234,S,102,95,0,2070,191,12,0.7647,0.0294,0.0980,3.7451,0,0,75,0,0,0,0,301,12,500
235,S,102,95,0,2241,193,12,0.7647,0.0294,0.0980,3.7843,1,0,76,0,0,0,0,305,12,500
236,S,102,95,0,2431,197,12,0.7647,0.0294,0.0980,3.8627,0,0,76,0,0,0,0,311,12,500
237,S,102,95,0,2449,199,13,0.7647,0.0294,0.0980,3.9020,0,0,76,0,0,0,0,316,13,500
238,S,102,95,0,2434,203,13,0.7647,0.0294,0.0980,3.9804,0,0,76,0,0,0,0,322,13,500
239,S,105,98,0,2502,211,13,0.8095,0.0286,0.0857,4.0190,3,0,79,0,0,0,0,330,13,500
240,S,107,100,0,2592,217,13,0.8224,0.0374,0.0654,4.0561,3,0,82,0,0,0,0,335,13,500
241,S,107,100,0,2752,221,13,0.8131,0.0374,0.0748,4.1308,1,0,83,0,0,0,0,342,13,500
242,S,107,100,0,2784,220,13,0.8131,0.0280,0.0841,4.1121,0,0,83,0,0,0,0,346,13,500
243,S,107,100,0,2698,222,13,0.8318,0.0280,0.0841,4.1495,1,0,84,0,0,0,0,350,13,500
244,S,107,100,0,2653,223,13,0.8411,0.0280,0.0935,4.1682,2,0,86,0,0,0,0,356,13,500
245,S,107,100,0,2587,225,13,0.8131,0.0280,0.0935,4.2056,2,0,88,0,0,0,0,361,13,500
246,S,107,100,0,2532,222,13,0.8224,0.0280,0.1121,4.1495,2,0,90,0,0,0,0,365,13,500
247,S,107,100,0,2604,225,13,0.8224,0.0280,0.1121,4.2056,0,0,90,0,0,0,0,369,13,500
248,S,110,103,0,2660,226,13,0.8091,0.0273,0.1273,4.1091,0,0,90,0,0,0,0,375,13,500
249,S,111,104,0,2821,225,13,0.8108,0.0270,0.1261,4.0541,0,0,90,0,0,0,0,378,13,500
250,S,112,105,0,2935,225,13,0.8125,0.0268,0.1250,4.0179,0,0,90,0,0,0,0,382,13,500
251,S,116,109,0,2911,230,13,0.8103,0.0259,0.1121,3.9655,0,0,90,0,0,0,0,385,13,500
252,S,117,110,0,2977,231,13,0.8120,0.0171,0.1197,3.9487,1,0,91,0,0,0,0,389,13,500
253,S,117,110,0,3025,241,13,0.8120,0.0171,0.1197,4.1197,1,0,92,0,0,0,0,402,13,500
254,S,117,110,0,3030,241,13,0.7863,0.0171,0.1282,4.1197,1,0,93,0,0,0,0,407,13,500
255,S,117,110,0,3069,247,13,0.8034,0.0171,0.1282,4.2222,1,0,94,0,0,0,0,417,13,500
256,S,117,110,0,3020,245,13,0.8120,0.0171,0.1368,4.1880,2,0,96,0,0,0,0,423,13,500
257,S,117,110,0,3036,246,13,0.8034,0.0171,0.1453,4.2051,0,0,96,0,0,0,0,428,13,500
258,S,117,110,0,3024,250,13,0.8034,0.0171,0.1453,4.2735,0,0,96,0,0,0,0,435,13,500
259,S,122,115,0,3052,253,13,0.7787,0.0164,0.1066,4.1475,0,0,96,0,0,0,0,437,13,500
260,S,122,115,0,3060,248,13,0.7705,0.0164,0.1148,4.0656,0,0,96,0,0,0,0,440,13,500
261,S,122,115,0,3201,249,13,0.7541,0.0164,0.1148,4.0820,0,0,96,0,0,0,0,445,13,500
262,S,122,115,0,3288,244,13,0.7541,0.0164,0.1475,4.0000,1,0,97,0,0,0,0,448,13,500
263,S,122,115,0,3255,237,13,0.7541,0.0164,0.1475,3.8852,0,0,97,0,0,0,0,448,13,500
264,S,126,119,0,3117,241,13,0.7619,0.0159,0.1270,3.8254,1,0,98,0,0,0,0,455,13,500
265,S,127,120,0,2994,240,13,0.7638,0.0157,0.1260,3.7795,0,0,98,0,0,0,0,457,13,500
266,S,127,120,0,2871,237,13,0.7717,0.0157,0.1181,3.7323,3,0,101,0,0,0,0,462,13,500
267,S,127,120,0,2779,231,13,0.7717,0.0157,0.1181,3.6378,0,0,101,0,0,0,0,462,13,500
268,S,132,125,0,2739,236,13,0.7879,0.0152,0.1061,3.5758,0,0,101,0,0,0,0,466,13,500
269,S,132,125,0,2662,234,13,0.7879,0.0227,0.0985,3.5455,1,0,102,0,0,0,0,470,13,500
270,S,132,125,0,2654,224,13,0.7879,0.0227,0.0985,3.3939,0,0,102,0,0,0,0,470,13,500
271,S,132,125,0,2524,219,13,0.7727,0.0227,0.1136,3.3182,1,0,103,0,0,0,0,473,13,500
272,S,132,125,0,2384,211,13,0.7576,0.0227,0.1288,3.1970,0,0,103,0,0,0,0,475,13,500
273,S,132,125,0,2302,213,13,0.7500,0.0227,0.1212,3.2273,2,0,105,0,0,0,0,481,13,500
274,S,132,125,0,2296,207,13,0.7424,0.0227,0.1288,3.1364,0,0,105,0,0,0,0,484,13,500
275,S,132,125,0,2346,200,14,0.7273,0.0227,0.1288,3.0303,1,0,106,0,0,0,0,486,14,500
276,S,132,125,0,2426,200,14,0.7197,0.0227,0.1364,3.0303,0,0,106,0,0,0,0,490,14,500
277,S,132,125,0,2439,199,14,0.7045,0.0227,0.1288,3.0152,1,0,107,0,0,0,0,495,14,500
278,S,132,125,0,2506,198,14,0.6818,0.0379,0.1667,3.0000,1,0,108,0,0,0,0,503,14,500
279,S,132,125,0,2584,195,14,0.6894,0.0379,0.1818,2.9545,0,0,108,0,0,0,0,510,14,500
280,S,132,125,0,2670,194,14,0.6970,0.0379,0.1742,2.9394,0,0,108,0,0,0,0,514,14,500
281,S,132,125,0,2617,191,14,0.7348,0.0152,0.1742,2.8939,0,0,108,0,0,0,0,517,14,500
282,S,132,125,0,2553,188,14,0.7424,0.0152,0.1667,2.8485,1,0,109,0,0,0,0,520,14,500
283,S,132,125,0,2566,188,14,0.7500,0.0152,0.1591,2.8485,0,0,109,0,0,0,0,525,14,500
284,S,132,125,0,2643,184,14,0.7348,0.0152,0.1894,2.7879,1,0,110,0,0,0,0,531,14,500
285,S,132,125,0,2707,185,14,0.7500,0.0152,0.1894,2.8030,1,0,111,0,0,0,0,534,14,500
286,S,132,125,0,2922,186,14,0.7576,0.0152,0.1970,2.8182,1,0,112,0,0,0,0,541,14,500
287,S,132,125,0,2979,182,14,0.7652,0.0152,0.2045,2.7576,1,0,113,0,0,0,0,543,14,500
288,S,132,125,0,3079,187,14,0.7803,0.0152,0.2045,2.8333,0,0,113,0,0,0,0,553,14,500
289,S,132,125,0,3137,191,14,0.8030,0.0000,0.1970,2.8939,1,0,114,0,0,0,0,560,14,500
290,S,132,125,0,3133,198,14,0.8030,0.0000,0.1970,3.0000,0,0,114,0,0,0,0,570,14,500
291,S,137,130,0,3153,211,14,0.7883,0.0146,0.1825,3.0803,0,0,114,0,0,0,0,583,14,500
292,S,137,130,0,3203,214,14,0.7810,0.0146,0.1898,3.1241,0,0,114,0,0,0,0,590,14,500
293,S,140,133,0,3292,213,14,0.7714,0.0143,0.1857,3.0429,0,0,114,0,0,0,0,593,14,500
294,S,142,135,0,3415,218,14,0.7606,0.0141,0.1831,3.0704,1,0,115,0,0,0,0,600,14,500
295,S,142,135,0,3461,216,14,0.7606,0.0141,0.1831,3.0423,1,0,116,0,0,0,0,605,14,500
296,S,142,135,0,3488,216,14,0.7676,0.0141,0.1761,3.0423,0,0,116,0,0,0,0,611,14,500
297,S,142,135,0,3683,216,14,0.7606,0.0141,0.1831,3.0423,1,0,117,0,0,0,0,615,14,500
298,S,142,135,0,3550,213,14,0.7535,0.0141,0.1901,3.0000,0,0,117,0,0,0,0,618,14,500
299,S,142,135,0,3511,214,14,0.7535,0.0211,0.1831,3.0141,0,0,117,0,0,0,0,622,14,500
300,S,142,135,0,3466,212,14,0.7465,0.0211,0.1901,2.9859,0,0,117,0,0,0,0,624,14,500
